CONJ_CODIGO,CONJ_NOME,alimentadores,empreendimentos_mmgd,potencia_kw_mmgd,potencia_kw_bdgd_total,kVA_instalado_total,penetracao_gd_pct,fonte_predominante
15074,CENTENARIO AEREO AT/MT,3,1089,27327.62,43647.979,206290.0,13.247186000290853,UFV — Radiação solar
15091,SAPUCAIA,5,643,26655.500000000004,35478.366,132430.0,20.127992146794536,UFV — Radiação solar
15043,SEROPEDICA AEREO,7,697,26587.73,32325.737,228312.5,11.64532384341637,UFV — Radiação solar
15089,CENTENARIO AEREO MT/MT,3,522,25398.51,42506.927,160825.0,15.792637960516089,UFV — Radiação solar
15006,BRISA MAR,4,335,22513.83,27850.055,87125.0,25.84083787661406,UFV — Radiação solar
15090,SANTA CECILIA AEREO MT/MT,6,537,22508.33,37508.953,155800.0,14.44693838254172,UFV — Radiação solar
15087,TRES RIOS AEREO AT/MT,9,805,21908.949999999997,23791.353000000003,147150.0,14.888854909955825,UFV — Radiação solar
15088,TRES RIOS AEREO MT/MT,4,418,20689.9,22924.663,107847.5,19.184403903660264,UFV — Radiação solar
14999,RECREIO,17,2512,20564.46,23500.687,188490.0,10.910106636956868,UFV — Radiação solar
16902,PORTA DAGUA AEREO,23,2552,19965.15,36997.282,240140.0,8.313962688431749,UFV — Radiação solar
15029,JABOATAO AEREO,23,2533,18233.750000000004,18498.363999999998,193470.0,9.424587791388849,UFV — Radiação solar
15086,VOLTA REDONDA AEREO MT/MT,4,666,16934.199999999997,30673.630999999998,143200.0,11.825558659217876,UFV — Radiação solar
15023,TAQUARA AEREO,21,1766,14935.210000000001,20759.717999999997,191621.4,7.79412424708305,UFV — Radiação solar
15011,CACHAMORRA,19,1930,14576.720000000001,15128.218,160605.0,9.076130880109586,UFV — Radiação solar
15004,ALVORADA,26,1021,13243.14,13520.188999999998,155682.5,8.506505226984407,UFV — Radiação solar
15084,VOLTA REDONDA AEREO AT/MT,14,1579,11848.66,12470.430000000002,119055.0,9.952257360043678,UFV — Radiação solar
15007,FONTINELE,14,928,11776.630000000001,13445.132999999998,93245.0,12.629771033299372,UFV — Radiação solar
16899,ESPERANCA AEREO AT/MT,19,756,11745.42,17386.632,169490.3,6.929847902800338,UFV — Radiação solar
15692,NOVA IGUACU,28,1205,11664.61,12220.608,236852.5,4.924841409738129,UFV — Radiação solar
15066,ITAPEBA AEREO URBANO,17,1207,11511.66,12387.473999999998,139907.5,8.228050676339725,UFV — Radiação solar
14991,CAMARA,23,1161,9893.21,10389.414,167851.5,5.894025373618942,UFV — Radiação solar
15700,CAXIAS AEREO,23,1006,9836.09,17945.174,169192.5,5.813549654978797,UFV — Radiação solar
14995,RETIRO,13,1050,9182.29,9836.679000000002,93027.5,9.870511407917014,UFV — Radiação solar
15048,COMENDADOR SOARES,16,1138,9005.21,9534.77,151007.5,5.96341903547837,UFV — Radiação solar
16900,PACIENCIA,16,888,8556.64,8880.06,216465.0,3.952897697087289,UFV — Radiação solar
15013,BARRA AEREO,15,871,8517.32,8993.320999999998,133347.5,6.387311348169257,UFV — Radiação solar
15054,AREIA BRANCA AEREO,22,936,8118.42,8654.182999999999,198200.0,4.096074672048436,UFV — Radiação solar
15040,GOVERNADOR AEREO,11,928,8111.17,8846.74,79025.0,10.264055678582727,UFV — Radiação solar
14996,ROSALI,26,770,7957.620000000001,8483.854,155437.5,5.119498190591075,UFV — Radiação solar
16901,CURICICA AEREO,24,694,7510.61,7946.25,154925.0,4.847900597063095,UFV — Radiação solar
15057,MENA BARRETO AEREO,21,1010,7452.0,7752.028,161470.0,4.615098779959125,UFV — Radiação solar
16898,MATO ALTO,3,598,7432.4800000000005,8080.428000000001,101477.5,7.3242639994087355,UFV — Radiação solar
15003,VIGARIO,2,263,7431.85,12847.13,66555.0,11.16647885207723,UFV — Radiação solar
15010,ARI FRANCO,15,790,7357.93,7728.93,141867.5,5.186480342573176,UFV — Radiação solar
15034,CASCADURA AEREO,27,614,6921.37,7765.416000000001,186405.0,3.7130817306402726,UFV — Radiação solar
15032,VILA VALQUEIRE,12,851,6698.500000000001,7146.525,98690.0,6.787415138311887,UFV — Radiação solar
15694,ITAGUAI,10,687,6679.25,9901.127,81372.5,8.208239884481857,UFV — Radiação solar
15019,PADRE MIGUEL,20,896,6466.900000000001,7042.726000000001,121198.9,5.335774499603544,UFV — Radiação solar
15042,SANTISSIMO AEREO,6,795,6319.63,6459.650000000001,167534.5,3.772136485320934,UFV — Radiação solar
15027,CACHAMBI AEREO,24,698,6111.68,6386.171,141260.0,4.326546793147388,UFV — Radiação solar
15000,SARAPUI,15,466,5478.040000000002,5792.246000000001,131402.5,4.1689008961016745,UFV — Radiação solar
15037,GUANABARA AEREO,15,748,5450.289999999999,5544.36,98967.5,5.507151337560309,UFV — Radiação solar
16897,COSMOS,13,699,5347.5599999999995,8821.560000000001,117357.5,4.556641032741836,UFV — Radiação solar
15052,SANTA CLARA AEREO,13,528,5016.88,5192.139999999999,99812.5,5.0263043206011275,UFV — Radiação solar
15691,CARMARI,10,606,4976.28,5504.0,95542.5,5.208446502865217,UFV — Radiação solar
15061,PEDRO ERNESTO AEREO,29,430,4950.7300000000005,5291.116,114415.0,4.326993838220513,UFV — Radiação solar
16903,GARDENIA,18,235,4775.91,5031.633,95158.2,5.018915868522103,UFV — Radiação solar
15035,COELHO DA ROCHA,13,497,4590.3,4801.794999999999,84525.0,5.430700976042591,UFV — Radiação solar
15045,AGUA GRANDE AEREO,13,495,4497.200000000001,4642.03,91527.5,4.913495943842015,UFV — Radiação solar
15071,JARDIM BOTANICO AEREO,27,484,4480.1900000000005,5702.9169999999995,122072.5,3.670105879702636,UFV — Radiação solar
15070,ESPERANCA AEREO MT/MT,1,120,4383.65,6060.702,30350.0,14.443657331136736,UFV — Radiação solar
15062,VIGARIO GERAL AEREO,16,372,4305.25,4634.103,86262.5,4.990870888277061,UFV — Radiação solar
15002,TURIACU,13,505,4291.990000000001,4333.46,92122.5,4.659002958017857,UFV — Radiação solar
15021,COLEGIO AEREO,15,424,4220.34,4483.032999999999,95182.5,4.433945315577969,UFV — Radiação solar
15001,SAUDADE,2,320,4134.93,4244.2,64327.5,6.427935175469278,UFV — Radiação solar
14997,INMETRO,8,460,4063.2200000000003,4286.047,57010.0,7.1272057533766,UFV — Radiação solar
14998,PIEDADE,11,476,4025.34,4477.814,97897.5,4.1117903930131,UFV — Radiação solar
14994,PAVUNA,19,563,4019.5400000000004,4495.946,129182.5,3.111520523290694,UFV — Radiação solar
15031,MATURACA AEREO,14,479,4013.27,4131.83,92995.0,4.315576106242271,UFV — Radiação solar
15689,BARRA 2,20,304,3835.68,3892.2400000000002,102460.0,3.7435877415576813,UFV — Radiação solar
15058,RIO COMPRIDO AEREO,24,441,3769.65,3861.0199999999995,160555.0,2.347887016910093,UFV — Radiação solar
15698,QUEIMADOS AEREO,5,134,3686.71,4148.855,109097.5,3.3792800018332225,UFV — Radiação solar
14993,MERITI,18,432,3658.4000000000005,3953.972,78845.0,4.639989853510052,UFV — Radiação solar
15073,WASHINGTON LUIS AEREO,16,323,3531.54,4341.785,116402.5,3.0339039109984753,UFV — Radiação solar
15030,LEOPOLDO AEREO,15,430,3346.2900000000004,3458.443,89090.0,3.7560781232461564,UFV — Radiação solar
15055,BOCA DO MATO AEREO,15,464,3321.8999999999996,3352.37,108942.5,3.049223214080822,UFV — Radiação solar
15060,ITAPEBA SUBTERRANEO,3,289,3314.01,3354.49,30737.5,10.781651077673851,UFV — Radiação solar
15005,ELDORADO,3,81,3109.02,6077.651000000001,47132.5,6.596340105023073,UFV — Radiação solar
15697,MARAPICU,9,164,3060.9500000000003,3154.67,77902.5,3.929206379769584,UFV — Radiação solar
15033,ALDEIA CAMPISTA,22,385,2787.2599999999998,4545.334,100902.5,2.762329972002676,UFV — Radiação solar
15082,SANTA CECILIA AEREO AT/MT,2,302,2758.42,3883.7799999999997,87237.5,3.1619658976930793,UFV — Radiação solar
15056,DEMOCRATICOS AEREO,13,194,2753.56,2974.88,82450.0,3.3396725288053366,UFV — Radiação solar
15017,BRAS DE PINA,16,206,2676.95,3652.5849999999996,82087.5,3.261093345515456,UFV — Radiação solar
15036,GUADALUPE AEREO,19,269,2637.84,2707.3199999999997,117995.0,2.2355523539133015,UFV — Radiação solar
15693,ROCHA FREIRE AEREO AT/MT,5,220,2634.1599999999994,4944.951,143787.5,1.831981222289837,UFV — Radiação solar
15025,URUGUAI AEREO,14,348,2568.2,2628.6499999999996,91905.0,2.794407268374952,UFV — Radiação solar
15024,TRIAGEM AEREO,17,129,2527.4700000000003,2923.575,84095.0,3.005493786788751,UFV — Radiação solar
15047,CAMPO MARTE AEREO,23,114,2382.04,2425.8900000000003,61597.5,3.8671049961443242,UFV — Radiação solar
15015,RAMOS AEREO,14,131,2259.0,2358.286,88787.5,2.544277066028439,UFV — Radiação solar
15020,TROVAO AEREO,13,132,2108.96,2822.102,82657.5,2.551444212563893,UFV — Radiação solar
15064,BOTAFOGO SUBTERRANEO,25,155,2001.79,2085.22,86825.0,2.3055456377771377,UFV — Radiação solar
15053,SAO CONRADO AEREO,12,146,1739.05,1845.6,59742.5,2.910909319161401,UFV — Radiação solar
15699,SAO JOAO,10,167,1723.1200000000001,1742.17,64875.0,2.656061657032755,UFV — Radiação solar
15049,FREI CANECA AEREO,59,132,1702.08,1720.9099999999999,201832.5,0.8433131433242912,UFV — Radiação solar
14992,LEBLON,31,182,1519.59,1582.74,139090.0,1.0925228269465814,UFV — Radiação solar
15063,BAEPENDI SUBTERRANEO,34,172,1435.88,1438.28,141797.5,1.0126271619739418,UFV — Radiação solar
15044,TERRA NOVA AEREO,14,113,1416.47,1534.4699999999998,93462.5,1.515549016985422,UFV — Radiação solar
15690,BARRA SUBTERRANEO,9,111,1353.7599999999998,1385.1499999999999,27437.5,4.933977220956719,UFV — Radiação solar
15075,POSTO SEIS SUBTERRANEO,33,148,1322.69,1348.9299999999998,183410.0,0.7211656943460008,UFV — Radiação solar
15696,ZONA INDUSTRIAL,8,57,1278.8899999999999,1360.692,32072.5,3.9874970769350684,UFV — Radiação solar
15026,BAEPENDI AEREO,5,152,1020.55,1200.391,22777.5,4.480518055098233,UFV — Radiação solar
15072,VILAR DOS TELES AEREO,10,90,992.8399999999999,1013.6799999999998,71347.5,1.3915554153964749,UFV — Radiação solar
15059,HUMAITA SUBTERRANEO,10,103,944.95,880.72,42732.5,2.2113145732171064,UFV — Radiação solar
15012,COPACABANA,25,87,810.5899999999999,843.79,140620.0,0.5764400512018204,UFV — Radiação solar
15016,SANTA LUZIA,27,8,762.88,987.88,112240.0,0.6796863863150392,UFV — Radiação solar
15076,SAMARITANO SUBTERRANEO,16,96,656.01,687.34,80962.5,0.8102640111162576,UFV — Radiação solar
15022,HUMAITA AEREO,3,74,588.44,642.1500000000001,19115.0,3.0784200889353914,UFV — Radiação solar
15083,SANTO ANTONIO SUBTERRANEO,56,17,563.24,603.24,171960.0,0.3275412886717841,UFV — Radiação solar
15067,BOTAFOGO AEREO URBANO,4,67,446.95,500.16,17825.0,2.5074333800841515,UFV — Radiação solar
15079,SAO CONRADO SUBTERRANEO,5,20,355.28,355.28,21100.0,1.6837914691943128,UFV — Radiação solar
15068,CAMERINO AEREO URBANO,2,10,225.27999999999997,255.27999999999997,10640.0,2.1172932330827066,UFV — Radiação solar
15008,MACKENZIE,29,8,209.63,280.96000000000004,123837.5,0.16927828807913597,UFV — Radiação solar
15065,CAMERINO SUBTERRANEO,47,15,205.94,208.14000000000001,134265.0,0.15338323464789783,UFV — Radiação solar
15078,SAMARITANO AEREO URBANO,1,24,167.83,167.83,5477.5,3.063989046097672,UFV — Radiação solar
15041,LEME SUBTERRANEO,12,20,147.79000000000002,147.79000000000002,53805.0,0.27467707462131774,UFV — Radiação solar
15085,SANTO ANTONIO AEREO URBANO,1,16,104.74000000000001,109.54,4445.0,2.356355455568054,UFV — Radiação solar
15050,LEME AEREO URBANO,1,5,49.5,49.5,7275.0,0.6804123711340206,UFV — Radiação solar
15077,POSTO SEIS AEREO URBANO,1,2,22.29,22.29,4462.5,0.4994957983193277,UFV — Radiação solar
