grupo,caso,descricao,cluster,origem,ctmt_principal,ctmts_cluster,trecho_falta,criterio_falta,modelo_carga,fas_con,loadmult,trocas_fas_con,n_opcoes,n_viaveis,decisao,tipo_decisao,virou_decisao,opcao_score,fonte_score,score_viavel,margem_disjuntor,i_disjuntor_a,i_nominal_a,vmin_mt_pu,vmin_mt_barra,vmax_mt_pu,vmax_mt_barra,carregamento_max_mt_pct,perdas_kw,motivos,ajustes
cenario,tijuca_cabofrio_tronco,"Falta permanente no tronco de ALC9925 LDA CABOFRIO (SE Aldeia Campista): isolar abrindo 10927447 e 11035901; 4.036 UCBT restauráveis por ALC9946, RCP9882 ou URG29983 — o gêmeo ranqueia as três SEs.",tijuca,cenário tijuca,ALC9925,ALC9925;RCP9882;ALC9946;URG29983,11304252,cenário nomeado,curva,cadastrado,0.6,0,10,4,974020904,restaurar,False,974020904,ALC9946,True,0.6701242293376212,195.12151834679707,591.5,1.0341919757305074,alc9925_mt_876330,1.044999012387757,alc9946_mt_50518,51.259738223444685,424.3649575180709,,vminpu=0.9
cenario,tijuca_cabofrio_tronco,"Falta permanente no tronco de ALC9925 LDA CABOFRIO (SE Aldeia Campista): isolar abrindo 10927447 e 11035901; 4.036 UCBT restauráveis por ALC9946, RCP9882 ou URG29983 — o gêmeo ranqueia as três SEs.",tijuca,cenário tijuca,ALC9925,ALC9925;RCP9882;ALC9946;URG29983,11304252,cenário nomeado,curva,cadastrado,0.8,0,10,4,974020904,restaurar,False,974020904,ALC9946,True,0.5641281015713365,257.8182279205545,591.5,1.030644440314203,alc9925_mt_876330,1.044998665541048,alc9946_mt_50518,67.77918913475158,597.1311034858078,,vminpu=0.9
cenario,tijuca_cabofrio_tronco,"Falta permanente no tronco de ALC9925 LDA CABOFRIO (SE Aldeia Campista): isolar abrindo 10927447 e 11035901; 4.036 UCBT restauráveis por ALC9946, RCP9882 ou URG29983 — o gêmeo ranqueia as três SEs.",tijuca,cenário tijuca,ALC9925,ALC9925;RCP9882;ALC9946;URG29983,11304252,cenário nomeado,curva,cadastrado,1.0,0,10,4,974020904,restaurar,False,974020904,ALC9946,True,0.4597804255690088,319.5398782759313,591.5,1.0271172169561333,alc9925_mt_876330,1.0449983140445689,alc9946_mt_50518,84.06150236339968,803.6444861960326,,vminpu=0.9
cenario,tijuca_cabofrio_tronco,"Falta permanente no tronco de ALC9925 LDA CABOFRIO (SE Aldeia Campista): isolar abrindo 10927447 e 11035901; 4.036 UCBT restauráveis por ALC9946, RCP9882 ou URG29983 — o gêmeo ranqueia as três SEs.",tijuca,cenário tijuca,ALC9925,ALC9925;RCP9882;ALC9946;URG29983,11304252,cenário nomeado,curva,cadastrado,1.2,0,10,2,746851189,restaurar,True,746851189,RCP9882,True,0.04607496956095159,417.91455583534713,438.1,1.013221844282525,alc9925_mt_453329,1.044997833171691,rcp9882_mt_50508,95.96268770475815,1063.376793949133,,vminpu=0.9
cenario,tijuca_cabofrio_tronco,"Falta permanente no tronco de ALC9925 LDA CABOFRIO (SE Aldeia Campista): isolar abrindo 10927447 e 11035901; 4.036 UCBT restauráveis por ALC9946, RCP9882 ou URG29983 — o gêmeo ranqueia as três SEs.",tijuca,cenário tijuca,ALC9925,ALC9925;RCP9882;ALC9946;URG29983,11304252,cenário nomeado,curva,cadastrado,1.4,0,10,0,sem transferência,sem_opcao_viavel,True,974020904,ALC9946,False,0.25543822477522415,440.4082900454549,591.5,1.0201632605687536,alc9925_mt_876330,1.0449975944974883,alc9946_mt_50518,115.98117778001152,1297.916418417566,"14 trecho(s) MT acima de 100 % (Line.smt_10968944 116 %, Line.smt_10968722 116 %, Line.smt_10968716 116 %)",vminpu=0.9
cenario,tijuca_cabofrio_tronco,"Falta permanente no tronco de ALC9925 LDA CABOFRIO (SE Aldeia Campista): isolar abrindo 10927447 e 11035901; 4.036 UCBT restauráveis por ALC9946, RCP9882 ou URG29983 — o gêmeo ranqueia as três SEs.",tijuca,cenário tijuca,ALC9925,ALC9925;RCP9882;ALC9946;URG29983,11304252,cenário nomeado,curva,rebalanceado,0.6,2909,10,4,974020904,restaurar,False,974020904,ALC9946,True,0.6696120584206219,195.42446744420215,591.5,1.0340987930287047,alc9925_mt_876330,1.0449990198089107,alc9946_mt_50518,51.48004555252323,418.73221560239165,,vminpu=0.9
cenario,tijuca_cabofrio_tronco,"Falta permanente no tronco de ALC9925 LDA CABOFRIO (SE Aldeia Campista): isolar abrindo 10927447 e 11035901; 4.036 UCBT restauráveis por ALC9946, RCP9882 ou URG29983 — o gêmeo ranqueia as três SEs.",tijuca,cenário tijuca,ALC9925,ALC9925;RCP9882;ALC9946;URG29983,11304252,cenário nomeado,curva,rebalanceado,0.8,2909,10,4,974020904,restaurar,False,974020904,ALC9946,True,0.5635109886787756,258.1832501965043,591.5,1.0305232419370223,alc9925_mt_876330,1.0449986749611275,alc9946_mt_50518,68.06880035651913,587.6735189244579,,vminpu=0.9
cenario,tijuca_cabofrio_tronco,"Falta permanente no tronco de ALC9925 LDA CABOFRIO (SE Aldeia Campista): isolar abrindo 10927447 e 11035901; 4.036 UCBT restauráveis por ALC9946, RCP9882 ou URG29983 — o gêmeo ranqueia as três SEs.",tijuca,cenário tijuca,ALC9925,ALC9925;RCP9882;ALC9946;URG29983,11304252,cenário nomeado,curva,rebalanceado,1.0,2909,10,4,974020904,restaurar,False,974020904,ALC9946,True,0.4588196957283239,320.10814997669644,591.5,1.0269586217167965,alc9925_mt_876330,1.0449983258124433,alc9946_mt_50518,84.47603719073668,789.9830965711928,,vminpu=0.9
cenario,tijuca_cabofrio_tronco,"Falta permanente no tronco de ALC9925 LDA CABOFRIO (SE Aldeia Campista): isolar abrindo 10927447 e 11035901; 4.036 UCBT restauráveis por ALC9946, RCP9882 ou URG29983 — o gêmeo ranqueia as três SEs.",tijuca,cenário tijuca,ALC9925,ALC9925;RCP9882;ALC9946;URG29983,11304252,cenário nomeado,curva,rebalanceado,1.2,2909,10,2,746851189,restaurar,True,746851189,RCP9882,True,0.04195095857796032,419.7212850469956,438.1,1.012951054772777,alc9925_mt_453329,1.044997854389309,rcp9882_mt_50508,96.37755444361186,1045.8987295944933,,vminpu=0.9
cenario,tijuca_cabofrio_tronco,"Falta permanente no tronco de ALC9925 LDA CABOFRIO (SE Aldeia Campista): isolar abrindo 10927447 e 11035901; 4.036 UCBT restauráveis por ALC9946, RCP9882 ou URG29983 — o gêmeo ranqueia as três SEs.",tijuca,cenário tijuca,ALC9925,ALC9925;RCP9882;ALC9946;URG29983,11304252,cenário nomeado,curva,rebalanceado,1.4,2909,10,0,sem transferência,sem_opcao_viavel,True,974020904,ALC9946,False,0.2540291857810757,441.2417366104937,591.5,1.0199273215772104,alc9925_mt_876330,1.044997608593746,alc9946_mt_50518,116.5949876741105,1276.3621837562448,"14 trecho(s) MT acima de 100 % (Line.smt_10968944 117 %, Line.smt_10968722 117 %, Line.smt_10968716 117 %)",vminpu=0.9
cenario,tijuca_cabofrio_tronco,"Falta permanente no tronco de ALC9925 LDA CABOFRIO (SE Aldeia Campista): isolar abrindo 10927447 e 11035901; 4.036 UCBT restauráveis por ALC9946, RCP9882 ou URG29983 — o gêmeo ranqueia as três SEs.",tijuca,cenário tijuca,ALC9925,ALC9925;RCP9882;ALC9946;URG29983,11304252,cenário nomeado,nominal,cadastrado,0.6,0,10,4,974020904,restaurar,False,974020904,ALC9946,True,0.4857337380760296,304.1884939280285,591.5,1.0277771267454299,alc9925_mt_876330,1.044998435108307,alc9946_mt_50518,81.24055979561646,710.9793277473957,,vminpu=0.9
cenario,tijuca_cabofrio_tronco,"Falta permanente no tronco de ALC9925 LDA CABOFRIO (SE Aldeia Campista): isolar abrindo 10927447 e 11035901; 4.036 UCBT restauráveis por ALC9946, RCP9882 ou URG29983 — o gêmeo ranqueia as três SEs.",tijuca,cenário tijuca,ALC9925,ALC9925;RCP9882;ALC9946;URG29983,11304252,cenário nomeado,nominal,cadastrado,0.8,0,10,0,sem transferência,sem_opcao_viavel,True,974020904,ALC9946,False,0.321881100206106,401.1073292280883,591.5,1.0221662153779185,alc9925_mt_876330,1.044997878360513,alc9946_mt_50518,107.19678226722641,1067.6953162367784,"14 trecho(s) MT acima de 100 % (Line.smt_10968944 107 %, Line.smt_10968722 107 %, Line.smt_10968716 107 %)",vminpu=0.9
cenario,tijuca_cabofrio_tronco,"Falta permanente no tronco de ALC9925 LDA CABOFRIO (SE Aldeia Campista): isolar abrindo 10927447 e 11035901; 4.036 UCBT restauráveis por ALC9946, RCP9882 ou URG29983 — o gêmeo ranqueia as três SEs.",tijuca,cenário tijuca,ALC9925,ALC9925;RCP9882;ALC9946;URG29983,11304252,cenário nomeado,nominal,cadastrado,1.0,0,10,0,sem transferência,sem_opcao_viavel,True,974020904,ALC9946,False,0.16162128734823217,495.90100853352067,591.5,1.0166279754154353,alc9925_mt_876330,1.044997304511388,alc9946_mt_50518,132.6579318882303,1483.4940718452676,"14 trecho(s) MT acima de 100 % (Line.smt_10968944 133 %, Line.smt_10968722 133 %, Line.smt_10968716 133 %)",vminpu=0.9
cenario,tijuca_cabofrio_tronco,"Falta permanente no tronco de ALC9925 LDA CABOFRIO (SE Aldeia Campista): isolar abrindo 10927447 e 11035901; 4.036 UCBT restauráveis por ALC9946, RCP9882 ou URG29983 — o gêmeo ranqueia as três SEs.",tijuca,cenário tijuca,ALC9925,ALC9925;RCP9882;ALC9946;URG29983,11304252,cenário nomeado,nominal,cadastrado,1.2,0,10,0,sem transferência,sem_opcao_viavel,True,974020904,ALC9946,False,0.004089909875468354,589.0808183086605,591.5,1.0110901411385833,alc9925_mt_876330,1.0449967133450224,alc9946_mt_50518,157.72864719810002,1951.5786481115692,"26 trecho(s) MT acima de 100 % (Line.smt_10968944 158 %, Line.smt_10968722 158 %, Line.smt_10968716 158 %)",vminpu=0.9
cenario,tijuca_cabofrio_tronco,"Falta permanente no tronco de ALC9925 LDA CABOFRIO (SE Aldeia Campista): isolar abrindo 10927447 e 11035901; 4.036 UCBT restauráveis por ALC9946, RCP9882 ou URG29983 — o gêmeo ranqueia as três SEs.",tijuca,cenário tijuca,ALC9925,ALC9925;RCP9882;ALC9946;URG29983,11304252,cenário nomeado,nominal,cadastrado,1.4,0,10,0,sem transferência,sem_opcao_viavel,True,974020904,ALC9946,False,-0.1494305398335812,679.8881643115633,591.5,1.0056587258872047,alc9925_mt_876330,1.0449961136885253,alc9946_mt_50518,182.11175309392345,2460.524398533545,"44 trecho(s) MT acima de 100 % (Line.smt_10968944 182 %, Line.smt_10968722 182 %, Line.smt_10968716 182 %); I disjuntor 680 A > 592 A nominal",vminpu=0.9
cenario,tijuca_cabofrio_tronco,"Falta permanente no tronco de ALC9925 LDA CABOFRIO (SE Aldeia Campista): isolar abrindo 10927447 e 11035901; 4.036 UCBT restauráveis por ALC9946, RCP9882 ou URG29983 — o gêmeo ranqueia as três SEs.",tijuca,cenário tijuca,ALC9925,ALC9925;RCP9882;ALC9946;URG29983,11304252,cenário nomeado,nominal,rebalanceado,0.6,2905,10,4,974020904,restaurar,False,974020904,ALC9946,True,0.4916535076982931,300.68695019645963,591.5,1.027848471776814,alc9925_mt_876330,1.0449984405131882,alc9946_mt_50518,80.57729802264568,659.7188249519836,,vminpu=0.9; model=2
cenario,tijuca_cabofrio_tronco,"Falta permanente no tronco de ALC9925 LDA CABOFRIO (SE Aldeia Campista): isolar abrindo 10927447 e 11035901; 4.036 UCBT restauráveis por ALC9946, RCP9882 ou URG29983 — o gêmeo ranqueia as três SEs.",tijuca,cenário tijuca,ALC9925,ALC9925;RCP9882;ALC9946;URG29983,11304252,cenário nomeado,nominal,rebalanceado,0.8,2905,10,0,sem transferência,sem_opcao_viavel,True,974020904,ALC9946,False,0.32287358958800216,400.5202717586967,591.5,1.0220300297298743,alc9925_mt_876330,1.044997871654845,alc9946_mt_50518,107.46410286229765,1042.3208169532181,"14 trecho(s) MT acima de 100 % (Line.smt_10968944 107 %, Line.smt_10968722 107 %, Line.smt_10968716 107 %)",vminpu=0.9
cenario,tijuca_cabofrio_tronco,"Falta permanente no tronco de ALC9925 LDA CABOFRIO (SE Aldeia Campista): isolar abrindo 10927447 e 11035901; 4.036 UCBT restauráveis por ALC9946, RCP9882 ou URG29983 — o gêmeo ranqueia as três SEs.",tijuca,cenário tijuca,ALC9925,ALC9925;RCP9882;ALC9946;URG29983,11304252,cenário nomeado,nominal,rebalanceado,1.0,2905,10,0,sem transferência,sem_opcao_viavel,True,974020904,ALC9946,False,0.16264437520650896,495.29585206534995,591.5,1.0164486651837403,alc9925_mt_876330,1.0449972979816775,alc9946_mt_50518,133.0389492966308,1450.309115330217,"14 trecho(s) MT acima de 100 % (Line.smt_10968944 133 %, Line.smt_10968722 133 %, Line.smt_10968716 133 %)",vminpu=0.9
cenario,tijuca_cabofrio_tronco,"Falta permanente no tronco de ALC9925 LDA CABOFRIO (SE Aldeia Campista): isolar abrindo 10927447 e 11035901; 4.036 UCBT restauráveis por ALC9946, RCP9882 ou URG29983 — o gêmeo ranqueia as três SEs.",tijuca,cenário tijuca,ALC9925,ALC9925;RCP9882;ALC9946;URG29983,11304252,cenário nomeado,nominal,rebalanceado,1.2,2905,10,0,sem transferência,sem_opcao_viavel,True,974020904,ALC9946,False,0.0053829327618193975,588.3159952713838,591.5,1.0108846249208443,alc9925_mt_876330,1.0449967035923118,alc9946_mt_50518,158.20425080003906,1912.2330062222113,"26 trecho(s) MT acima de 100 % (Line.smt_10968944 158 %, Line.smt_10968722 158 %, Line.smt_10968716 158 %)",vminpu=0.9
cenario,tijuca_cabofrio_tronco,"Falta permanente no tronco de ALC9925 LDA CABOFRIO (SE Aldeia Campista): isolar abrindo 10927447 e 11035901; 4.036 UCBT restauráveis por ALC9946, RCP9882 ou URG29983 — o gêmeo ranqueia as três SEs.",tijuca,cenário tijuca,ALC9925,ALC9925;RCP9882;ALC9946;URG29983,11304252,cenário nomeado,nominal,rebalanceado,1.4,2905,10,0,sem transferência,sem_opcao_viavel,True,974020904,ALC9946,False,-0.14837186650447812,679.2619590373988,591.5,1.0053776259739624,alc9925_mt_876330,1.0449960908390363,alc9946_mt_50518,182.78953645998683,2417.296690556364,"44 trecho(s) MT acima de 100 % (Line.smt_10968944 183 %, Line.smt_10968722 183 %, Line.smt_10968716 183 %); I disjuntor 679 A > 592 A nominal",vminpu=0.9
cenario,ipanema_9210,"Falta permanente no tronco de PTS0001 LDS 9210, a 144 m da SE Posto Seis: as 35 NA são pátio de manobra da SE (EM_SUB) — nenhuma chave de campo restaura; o agente deve reconhecer a ausência de opção e recomendar despacho de equipe (cenário negativo).",ipanema,cenário ipanema,PTS0001,PTS4022;PTS9088;PTS9924;PTS0001,11409068,cenário nomeado,curva,cadastrado,0.6,0,0,0,sem transferência,sem_opcoes_topologicas,False,,,,,,,,,,,,,,
cenario,ipanema_9210,"Falta permanente no tronco de PTS0001 LDS 9210, a 144 m da SE Posto Seis: as 35 NA são pátio de manobra da SE (EM_SUB) — nenhuma chave de campo restaura; o agente deve reconhecer a ausência de opção e recomendar despacho de equipe (cenário negativo).",ipanema,cenário ipanema,PTS0001,PTS4022;PTS9088;PTS9924;PTS0001,11409068,cenário nomeado,curva,cadastrado,0.8,0,0,0,sem transferência,sem_opcoes_topologicas,False,,,,,,,,,,,,,,
cenario,ipanema_9210,"Falta permanente no tronco de PTS0001 LDS 9210, a 144 m da SE Posto Seis: as 35 NA são pátio de manobra da SE (EM_SUB) — nenhuma chave de campo restaura; o agente deve reconhecer a ausência de opção e recomendar despacho de equipe (cenário negativo).",ipanema,cenário ipanema,PTS0001,PTS4022;PTS9088;PTS9924;PTS0001,11409068,cenário nomeado,curva,cadastrado,1.0,0,0,0,sem transferência,sem_opcoes_topologicas,False,,,,,,,,,,,,,,
cenario,ipanema_9210,"Falta permanente no tronco de PTS0001 LDS 9210, a 144 m da SE Posto Seis: as 35 NA são pátio de manobra da SE (EM_SUB) — nenhuma chave de campo restaura; o agente deve reconhecer a ausência de opção e recomendar despacho de equipe (cenário negativo).",ipanema,cenário ipanema,PTS0001,PTS4022;PTS9088;PTS9924;PTS0001,11409068,cenário nomeado,curva,cadastrado,1.2,0,0,0,sem transferência,sem_opcoes_topologicas,False,,,,,,,,,,,,,,
cenario,ipanema_9210,"Falta permanente no tronco de PTS0001 LDS 9210, a 144 m da SE Posto Seis: as 35 NA são pátio de manobra da SE (EM_SUB) — nenhuma chave de campo restaura; o agente deve reconhecer a ausência de opção e recomendar despacho de equipe (cenário negativo).",ipanema,cenário ipanema,PTS0001,PTS4022;PTS9088;PTS9924;PTS0001,11409068,cenário nomeado,curva,cadastrado,1.4,0,0,0,sem transferência,sem_opcoes_topologicas,False,,,,,,,,,,,,,,
cenario,ipanema_9210,"Falta permanente no tronco de PTS0001 LDS 9210, a 144 m da SE Posto Seis: as 35 NA são pátio de manobra da SE (EM_SUB) — nenhuma chave de campo restaura; o agente deve reconhecer a ausência de opção e recomendar despacho de equipe (cenário negativo).",ipanema,cenário ipanema,PTS0001,PTS4022;PTS9088;PTS9924;PTS0001,11409068,cenário nomeado,curva,rebalanceado,0.6,718,0,0,sem transferência,sem_opcoes_topologicas,False,,,,,,,,,,,,,,
cenario,ipanema_9210,"Falta permanente no tronco de PTS0001 LDS 9210, a 144 m da SE Posto Seis: as 35 NA são pátio de manobra da SE (EM_SUB) — nenhuma chave de campo restaura; o agente deve reconhecer a ausência de opção e recomendar despacho de equipe (cenário negativo).",ipanema,cenário ipanema,PTS0001,PTS4022;PTS9088;PTS9924;PTS0001,11409068,cenário nomeado,curva,rebalanceado,0.8,718,0,0,sem transferência,sem_opcoes_topologicas,False,,,,,,,,,,,,,,
cenario,ipanema_9210,"Falta permanente no tronco de PTS0001 LDS 9210, a 144 m da SE Posto Seis: as 35 NA são pátio de manobra da SE (EM_SUB) — nenhuma chave de campo restaura; o agente deve reconhecer a ausência de opção e recomendar despacho de equipe (cenário negativo).",ipanema,cenário ipanema,PTS0001,PTS4022;PTS9088;PTS9924;PTS0001,11409068,cenário nomeado,curva,rebalanceado,1.0,718,0,0,sem transferência,sem_opcoes_topologicas,False,,,,,,,,,,,,,,
cenario,ipanema_9210,"Falta permanente no tronco de PTS0001 LDS 9210, a 144 m da SE Posto Seis: as 35 NA são pátio de manobra da SE (EM_SUB) — nenhuma chave de campo restaura; o agente deve reconhecer a ausência de opção e recomendar despacho de equipe (cenário negativo).",ipanema,cenário ipanema,PTS0001,PTS4022;PTS9088;PTS9924;PTS0001,11409068,cenário nomeado,curva,rebalanceado,1.2,718,0,0,sem transferência,sem_opcoes_topologicas,False,,,,,,,,,,,,,,
cenario,ipanema_9210,"Falta permanente no tronco de PTS0001 LDS 9210, a 144 m da SE Posto Seis: as 35 NA são pátio de manobra da SE (EM_SUB) — nenhuma chave de campo restaura; o agente deve reconhecer a ausência de opção e recomendar despacho de equipe (cenário negativo).",ipanema,cenário ipanema,PTS0001,PTS4022;PTS9088;PTS9924;PTS0001,11409068,cenário nomeado,curva,rebalanceado,1.4,718,0,0,sem transferência,sem_opcoes_topologicas,False,,,,,,,,,,,,,,
cenario,ipanema_9210,"Falta permanente no tronco de PTS0001 LDS 9210, a 144 m da SE Posto Seis: as 35 NA são pátio de manobra da SE (EM_SUB) — nenhuma chave de campo restaura; o agente deve reconhecer a ausência de opção e recomendar despacho de equipe (cenário negativo).",ipanema,cenário ipanema,PTS0001,PTS4022;PTS9088;PTS9924;PTS0001,11409068,cenário nomeado,nominal,cadastrado,0.6,0,0,0,sem transferência,sem_opcoes_topologicas,False,,,,,,,,,,,,,,
cenario,ipanema_9210,"Falta permanente no tronco de PTS0001 LDS 9210, a 144 m da SE Posto Seis: as 35 NA são pátio de manobra da SE (EM_SUB) — nenhuma chave de campo restaura; o agente deve reconhecer a ausência de opção e recomendar despacho de equipe (cenário negativo).",ipanema,cenário ipanema,PTS0001,PTS4022;PTS9088;PTS9924;PTS0001,11409068,cenário nomeado,nominal,cadastrado,0.8,0,0,0,sem transferência,sem_opcoes_topologicas,False,,,,,,,,,,,,,,
cenario,ipanema_9210,"Falta permanente no tronco de PTS0001 LDS 9210, a 144 m da SE Posto Seis: as 35 NA são pátio de manobra da SE (EM_SUB) — nenhuma chave de campo restaura; o agente deve reconhecer a ausência de opção e recomendar despacho de equipe (cenário negativo).",ipanema,cenário ipanema,PTS0001,PTS4022;PTS9088;PTS9924;PTS0001,11409068,cenário nomeado,nominal,cadastrado,1.0,0,0,0,sem transferência,sem_opcoes_topologicas,False,,,,,,,,,,,,,,
cenario,ipanema_9210,"Falta permanente no tronco de PTS0001 LDS 9210, a 144 m da SE Posto Seis: as 35 NA são pátio de manobra da SE (EM_SUB) — nenhuma chave de campo restaura; o agente deve reconhecer a ausência de opção e recomendar despacho de equipe (cenário negativo).",ipanema,cenário ipanema,PTS0001,PTS4022;PTS9088;PTS9924;PTS0001,11409068,cenário nomeado,nominal,cadastrado,1.2,0,0,0,sem transferência,sem_opcoes_topologicas,False,,,,,,,,,,,,,,
cenario,ipanema_9210,"Falta permanente no tronco de PTS0001 LDS 9210, a 144 m da SE Posto Seis: as 35 NA são pátio de manobra da SE (EM_SUB) — nenhuma chave de campo restaura; o agente deve reconhecer a ausência de opção e recomendar despacho de equipe (cenário negativo).",ipanema,cenário ipanema,PTS0001,PTS4022;PTS9088;PTS9924;PTS0001,11409068,cenário nomeado,nominal,cadastrado,1.4,0,0,0,sem transferência,sem_opcoes_topologicas,False,,,,,,,,,,,,,,
cenario,ipanema_9210,"Falta permanente no tronco de PTS0001 LDS 9210, a 144 m da SE Posto Seis: as 35 NA são pátio de manobra da SE (EM_SUB) — nenhuma chave de campo restaura; o agente deve reconhecer a ausência de opção e recomendar despacho de equipe (cenário negativo).",ipanema,cenário ipanema,PTS0001,PTS4022;PTS9088;PTS9924;PTS0001,11409068,cenário nomeado,nominal,rebalanceado,0.6,722,0,0,sem transferência,sem_opcoes_topologicas,False,,,,,,,,,,,,,,
cenario,ipanema_9210,"Falta permanente no tronco de PTS0001 LDS 9210, a 144 m da SE Posto Seis: as 35 NA são pátio de manobra da SE (EM_SUB) — nenhuma chave de campo restaura; o agente deve reconhecer a ausência de opção e recomendar despacho de equipe (cenário negativo).",ipanema,cenário ipanema,PTS0001,PTS4022;PTS9088;PTS9924;PTS0001,11409068,cenário nomeado,nominal,rebalanceado,0.8,722,0,0,sem transferência,sem_opcoes_topologicas,False,,,,,,,,,,,,,,
cenario,ipanema_9210,"Falta permanente no tronco de PTS0001 LDS 9210, a 144 m da SE Posto Seis: as 35 NA são pátio de manobra da SE (EM_SUB) — nenhuma chave de campo restaura; o agente deve reconhecer a ausência de opção e recomendar despacho de equipe (cenário negativo).",ipanema,cenário ipanema,PTS0001,PTS4022;PTS9088;PTS9924;PTS0001,11409068,cenário nomeado,nominal,rebalanceado,1.0,722,0,0,sem transferência,sem_opcoes_topologicas,False,,,,,,,,,,,,,,
cenario,ipanema_9210,"Falta permanente no tronco de PTS0001 LDS 9210, a 144 m da SE Posto Seis: as 35 NA são pátio de manobra da SE (EM_SUB) — nenhuma chave de campo restaura; o agente deve reconhecer a ausência de opção e recomendar despacho de equipe (cenário negativo).",ipanema,cenário ipanema,PTS0001,PTS4022;PTS9088;PTS9924;PTS0001,11409068,cenário nomeado,nominal,rebalanceado,1.2,722,0,0,sem transferência,sem_opcoes_topologicas,False,,,,,,,,,,,,,,
cenario,ipanema_9210,"Falta permanente no tronco de PTS0001 LDS 9210, a 144 m da SE Posto Seis: as 35 NA são pátio de manobra da SE (EM_SUB) — nenhuma chave de campo restaura; o agente deve reconhecer a ausência de opção e recomendar despacho de equipe (cenário negativo).",ipanema,cenário ipanema,PTS0001,PTS4022;PTS9088;PTS9924;PTS0001,11409068,cenário nomeado,nominal,rebalanceado,1.4,722,0,0,sem transferência,sem_opcoes_topologicas,False,,,,,,,,,,,,,,
cenario,taquara_bocari,"Falta permanente em TQR33862 LDA BOCARI (cluster TQR, regressão): 4 chaves isolam, 2.023 UCBT restauráveis por PARNAIBA (tie 1007642983) ou CURUMAU (tie 789941518).",taquara,cenário taquara,TQR33862,TQR0007;TQR33859;TQR33862,11798327,cenário nomeado,curva,cadastrado,0.6,0,10,10,789941518,restaurar,True,789941518,TQR33859,True,0.7629577457528707,133.73923984623036,564.2,1.026683906286239,tqr33859_mt_395491,1.0449994508355391,tqr33859_mt_50380,23.70462253051568,387.13408230844317,,vminpu=0.9
cenario,taquara_bocari,"Falta permanente em TQR33862 LDA BOCARI (cluster TQR, regressão): 4 chaves isolam, 2.023 UCBT restauráveis por PARNAIBA (tie 1007642983) ou CURUMAU (tie 789941518).",taquara,cenário taquara,TQR33862,TQR0007;TQR33859;TQR33862,11798327,cenário nomeado,curva,cadastrado,0.8,0,10,10,11056672,restaurar,True,11056672,TQR33859,True,0.6905832829030933,174.57291178607477,564.2,1.0066892017611389,tqr33862_mt_360100,1.044999245076816,tqr33859_mt_50380,36.839688744508756,547.8603517055255,,vminpu=0.9
cenario,taquara_bocari,"Falta permanente em TQR33862 LDA BOCARI (cluster TQR, regressão): 4 chaves isolam, 2.023 UCBT restauráveis por PARNAIBA (tie 1007642983) ou CURUMAU (tie 789941518).",taquara,cenário taquara,TQR33862,TQR0007;TQR33859;TQR33862,11798327,cenário nomeado,curva,cadastrado,1.0,0,10,10,11053620,restaurar,False,11053620,TQR33859,True,0.619594997506748,214.62450240669284,564.2,1.0088975063249108,tqr33862_mt_360100,1.0449990416145425,tqr33859_mt_50380,38.04093194952676,710.607403771757,,vminpu=0.9
cenario,taquara_bocari,"Falta permanente em TQR33862 LDA BOCARI (cluster TQR, regressão): 4 chaves isolam, 2.023 UCBT restauráveis por PARNAIBA (tie 1007642983) ou CURUMAU (tie 789941518).",taquara,cenário taquara,TQR33862,TQR0007;TQR33859;TQR33862,11798327,cenário nomeado,curva,cadastrado,1.2,0,10,10,11056672,restaurar,True,11056672,TQR33859,True,0.5511176606028422,253.25941588787643,564.2,0.9896629175243037,tqr33862_mt_360100,1.0449988288409195,tqr33859_mt_50380,53.31208490808344,914.4059858994598,,vminpu=0.9
cenario,taquara_bocari,"Falta permanente em TQR33862 LDA BOCARI (cluster TQR, regressão): 4 chaves isolam, 2.023 UCBT restauráveis por PARNAIBA (tie 1007642983) ou CURUMAU (tie 789941518).",taquara,cenário taquara,TQR33862,TQR0007;TQR33859;TQR33862,11798327,cenário nomeado,curva,cadastrado,1.4,0,10,5,11056672,restaurar,True,11056672,TQR33859,True,0.48388988945460804,291.18932436971016,564.2,0.9814116101790604,tqr33862_mt_360100,1.0449986095727388,tqr33859_mt_50380,61.27599884306082,1123.8494898721208,,vminpu=0.9
cenario,taquara_bocari,"Falta permanente em TQR33862 LDA BOCARI (cluster TQR, regressão): 4 chaves isolam, 2.023 UCBT restauráveis por PARNAIBA (tie 1007642983) ou CURUMAU (tie 789941518).",taquara,cenário taquara,TQR33862,TQR0007;TQR33859;TQR33862,11798327,cenário nomeado,curva,rebalanceado,0.6,2184,10,10,789941518,restaurar,True,789941518,TQR33859,True,0.7606835121045847,135.0223624705933,564.2,1.0262560320910783,tqr33859_mt_395491,1.0449994671267426,tqr33859_mt_50380,23.93229306741999,381.90270774274916,,vminpu=0.9
cenario,taquara_bocari,"Falta permanente em TQR33862 LDA BOCARI (cluster TQR, regressão): 4 chaves isolam, 2.023 UCBT restauráveis por PARNAIBA (tie 1007642983) ou CURUMAU (tie 789941518).",taquara,cenário taquara,TQR33862,TQR0007;TQR33859;TQR33862,11798327,cenário nomeado,curva,rebalanceado,0.8,2184,10,10,11053620,restaurar,False,11053620,TQR33859,True,0.6875506077589607,176.2839471023944,564.2,1.0148668798536091,tqr33862_mt_360100,1.0449992665599708,tqr33859_mt_50380,31.24559255736994,533.729966285951,,vminpu=0.9
cenario,taquara_bocari,"Falta permanente em TQR33862 LDA BOCARI (cluster TQR, regressão): 4 chaves isolam, 2.023 UCBT restauráveis por PARNAIBA (tie 1007642983) ou CURUMAU (tie 789941518).",taquara,cenário taquara,TQR33862,TQR0007;TQR33859;TQR33862,11798327,cenário nomeado,curva,rebalanceado,1.0,2184,10,10,11056672,restaurar,True,11056672,TQR33859,True,0.6167586283966218,216.22478185862605,564.2,0.9969899985362866,tqr33862_mt_360100,1.0449990652538914,tqr33859_mt_50380,45.13718922728432,713.5057214177509,,vminpu=0.9
cenario,taquara_bocari,"Falta permanente em TQR33862 LDA BOCARI (cluster TQR, regressão): 4 chaves isolam, 2.023 UCBT restauráveis por PARNAIBA (tie 1007642983) ou CURUMAU (tie 789941518).",taquara,cenário taquara,TQR33862,TQR0007;TQR33859;TQR33862,11798327,cenário nomeado,curva,rebalanceado,1.2,2184,10,10,11053620,restaurar,False,11053620,TQR33859,True,0.5466577004731069,255.77572539307312,564.2,1.0013948623120368,tqr33862_mt_360100,1.0449988593056174,tqr33859_mt_50380,45.334892841717924,889.6456930059768,,vminpu=0.9
cenario,taquara_bocari,"Falta permanente em TQR33862 LDA BOCARI (cluster TQR, regressão): 4 chaves isolam, 2.023 UCBT restauráveis por PARNAIBA (tie 1007642983) ou CURUMAU (tie 789941518).",taquara,cenário taquara,TQR33862,TQR0007;TQR33859;TQR33862,11798327,cenário nomeado,curva,rebalanceado,1.4,2184,10,5,11056672,restaurar,True,11056672,TQR33859,True,0.4799566344493537,293.40846684367466,564.2,0.9799149225682492,tqr33862_mt_360100,1.0449986396797446,tqr33859_mt_50380,61.303374240183906,1113.1509437998661,,vminpu=0.9
cenario,taquara_bocari,"Falta permanente em TQR33862 LDA BOCARI (cluster TQR, regressão): 4 chaves isolam, 2.023 UCBT restauráveis por PARNAIBA (tie 1007642983) ou CURUMAU (tie 789941518).",taquara,cenário taquara,TQR33862,TQR0007;TQR33859;TQR33862,11798327,cenário nomeado,nominal,cadastrado,0.6,0,10,10,11056672,restaurar,True,11056672,TQR33859,True,0.586960388943686,233.03694855797238,564.2,0.9941477873236191,tqr33862_mt_360100,1.0449989719053225,tqr33859_mt_50380,50.0322151702745,799.0223590659003,,vminpu=0.9
cenario,taquara_bocari,"Falta permanente em TQR33862 LDA BOCARI (cluster TQR, regressão): 4 chaves isolam, 2.023 UCBT restauráveis por PARNAIBA (tie 1007642983) ou CURUMAU (tie 789941518).",taquara,cenário taquara,TQR33862,TQR0007;TQR33859;TQR33862,11798327,cenário nomeado,nominal,cadastrado,0.8,0,10,5,11056672,restaurar,True,11056672,TQR33859,True,0.4637486368486799,302.55301908997484,564.2,0.9789857046899813,tqr33862_mt_360100,1.044998586061961,tqr33859_mt_50380,65.05788437080207,1173.4354877883195,,vminpu=0.9
cenario,taquara_bocari,"Falta permanente em TQR33862 LDA BOCARI (cluster TQR, regressão): 4 chaves isolam, 2.023 UCBT restauráveis por PARNAIBA (tie 1007642983) ou CURUMAU (tie 789941518).",taquara,cenário taquara,TQR33862,TQR0007;TQR33859;TQR33862,11798327,cenário nomeado,nominal,cadastrado,1.0,0,10,5,11056672,restaurar,True,11056672,TQR33859,True,0.34640255930948644,368.7596760375878,564.2,0.9644227287981497,tqr33862_mt_360100,1.0449981826338004,tqr33859_mt_50380,79.4020339904435,1594.310682509815,,vminpu=0.9
cenario,taquara_bocari,"Falta permanente em TQR33862 LDA BOCARI (cluster TQR, regressão): 4 chaves isolam, 2.023 UCBT restauráveis por PARNAIBA (tie 1007642983) ou CURUMAU (tie 789941518).",taquara,cenário taquara,TQR33862,TQR0007;TQR33859;TQR33862,11798327,cenário nomeado,nominal,cadastrado,1.2,0,10,5,11056672,restaurar,True,11056672,TQR33859,True,0.23470311967672372,431.7804998783925,564.2,0.9504386397909137,tqr33862_mt_360100,1.0449977686137795,tqr33859_mt_50380,92.88698725870128,2050.7839152403317,,vminpu=0.9
cenario,taquara_bocari,"Falta permanente em TQR33862 LDA BOCARI (cluster TQR, regressão): 4 chaves isolam, 2.023 UCBT restauráveis por PARNAIBA (tie 1007642983) ou CURUMAU (tie 789941518).",taquara,cenário taquara,TQR33862,TQR0007;TQR33859;TQR33862,11798327,cenário nomeado,nominal,cadastrado,1.4,0,10,4,11053620,restaurar,False,11053620,TQR33859,True,0.12396077611811322,494.26133011416056,564.2,0.956561282094502,tqr33859_mt_395491,1.0449973578343756,tqr33859_mt_50380,87.60443869255,2488.5333919079185,,vminpu=0.9
cenario,taquara_bocari,"Falta permanente em TQR33862 LDA BOCARI (cluster TQR, regressão): 4 chaves isolam, 2.023 UCBT restauráveis por PARNAIBA (tie 1007642983) ou CURUMAU (tie 789941518).",taquara,cenário taquara,TQR33862,TQR0007;TQR33859;TQR33862,11798327,cenário nomeado,nominal,rebalanceado,0.6,2147,10,10,11053620,restaurar,False,11053620,TQR33859,True,0.5825606297507109,235.51929269464893,564.2,1.0032043202457543,tqr33859_mt_395491,1.0449989845439187,tqr33859_mt_50380,41.744353789546395,776.9849332947408,,vminpu=0.9
cenario,taquara_bocari,"Falta permanente em TQR33862 LDA BOCARI (cluster TQR, regressão): 4 chaves isolam, 2.023 UCBT restauráveis por PARNAIBA (tie 1007642983) ou CURUMAU (tie 789941518).",taquara,cenário taquara,TQR33862,TQR0007;TQR33859;TQR33862,11798327,cenário nomeado,nominal,rebalanceado,0.8,2147,10,5,11056672,restaurar,True,11056672,TQR33859,True,0.457547897301363,306.051476342571,564.2,0.9776757492453418,tqr33862_mt_360100,1.0449985974074083,tqr33859_mt_50380,65.40544005720729,1160.8870156377502,,vminpu=0.9
cenario,taquara_bocari,"Falta permanente em TQR33862 LDA BOCARI (cluster TQR, regressão): 4 chaves isolam, 2.023 UCBT restauráveis por PARNAIBA (tie 1007642983) ou CURUMAU (tie 789941518).",taquara,cenário taquara,TQR33862,TQR0007;TQR33859;TQR33862,11798327,cenário nomeado,nominal,rebalanceado,1.0,2147,10,5,11056672,restaurar,True,11056672,TQR33859,True,0.33752943411698394,373.7658932711977,564.2,0.962857079365714,tqr33862_mt_360100,1.0449981924663143,tqr33859_mt_50380,79.87676886466679,1580.0738383585017,,vminpu=0.9
cenario,taquara_bocari,"Falta permanente em TQR33862 LDA BOCARI (cluster TQR, regressão): 4 chaves isolam, 2.023 UCBT restauráveis por PARNAIBA (tie 1007642983) ou CURUMAU (tie 789941518).",taquara,cenário taquara,TQR33862,TQR0007;TQR33859;TQR33862,11798327,cenário nomeado,nominal,rebalanceado,1.2,2147,10,5,11056672,restaurar,True,11056672,TQR33859,True,0.22384093191396387,437.9089462141416,564.2,0.9486567610494757,tqr33862_mt_360100,1.044997790519207,tqr33859_mt_50380,93.52457387527448,2035.5360526416193,,vminpu=0.9
cenario,taquara_bocari,"Falta permanente em TQR33862 LDA BOCARI (cluster TQR, regressão): 4 chaves isolam, 2.023 UCBT restauráveis por PARNAIBA (tie 1007642983) ou CURUMAU (tie 789941518).",taquara,cenário taquara,TQR33862,TQR0007;TQR33859;TQR33862,11798327,cenário nomeado,nominal,rebalanceado,1.4,2147,10,4,11053620,restaurar,False,11053620,TQR33859,True,0.1110121078165102,501.566968769925,564.2,0.9550843351484148,tqr33859_mt_395491,1.0449973972760358,tqr33859_mt_50380,88.89929810807357,2471.6064980391525,,vminpu=0.9
alimentador,BRR38521,"amostra #91 — região Barra/Recreio, porte G, 15 opção(ões) / 15 viável(is)",cluster_BRR38521-BAR000-BAR29407-BAR3176-PDG0006-PDG33647,issue #91 / docs/bench/2026-09-11-generalizacao.csv,BRR38521,BAR000;BAR29407;BAR3176;BRR38521;PDG0006;PDG33647,655895678,maior trecho do tronco do CTMT principal,curva,cadastrado,0.6,0,15,15,462279321,restaurar,False,462279321,BAR000,True,0.85232811740786,83.3164761584854,564.2,1.0284113062247129,brr38521_mt_447665,1.044999693650977,bar000_mt_51516,29.267299447923072,614.9669431952015,,vminpu=0.9
alimentador,BRR38521,"amostra #91 — região Barra/Recreio, porte G, 15 opção(ões) / 15 viável(is)",cluster_BRR38521-BAR000-BAR29407-BAR3176-PDG0006-PDG33647,issue #91 / docs/bench/2026-09-11-generalizacao.csv,BRR38521,BAR000;BAR29407;BAR3176;BRR38521;PDG0006;PDG33647,655895678,maior trecho do tronco do CTMT principal,curva,cadastrado,0.8,0,15,15,470326292,restaurar,True,470326292,BAR000,True,0.806571585797765,109.132311292901,564.2,1.0208124033026489,brr38521_mt_447665,1.044999589066983,bar000_mt_51516,38.335078957133824,781.714859443459,,vminpu=0.9
alimentador,BRR38521,"amostra #91 — região Barra/Recreio, porte G, 15 opção(ões) / 15 viável(is)",cluster_BRR38521-BAR000-BAR29407-BAR3176-PDG0006-PDG33647,issue #91 / docs/bench/2026-09-11-generalizacao.csv,BRR38521,BAR000;BAR29407;BAR3176;BRR38521;PDG0006;PDG33647,655895678,maior trecho do tronco do CTMT principal,curva,cadastrado,1.0,0,15,15,462279321,restaurar,False,462279321,BAR000,True,0.7610209357103082,134.83198807224417,564.2,1.0179311306803815,brr38521_mt_447665,1.0449994826027589,bar000_mt_51516,47.362046738634255,970.2983580250781,,vminpu=0.9
alimentador,BRR38521,"amostra #91 — região Barra/Recreio, porte G, 15 opção(ões) / 15 viável(is)",cluster_BRR38521-BAR000-BAR29407-BAR3176-PDG0006-PDG33647,issue #91 / docs/bench/2026-09-11-generalizacao.csv,BRR38521,BAR000;BAR29407;BAR3176;BRR38521;PDG0006;PDG33647,655895678,maior trecho do tronco do CTMT principal,curva,cadastrado,1.2,0,15,15,462279321,restaurar,False,462279321,BAR000,True,0.7159366516719705,160.2685411266742,564.2,1.0127426463153029,brr38521_mt_447665,1.0449993752973017,bar000_mt_51516,56.29658276418716,1183.8605240200634,,vminpu=0.9
alimentador,BRR38521,"amostra #91 — região Barra/Recreio, porte G, 15 opção(ões) / 15 viável(is)",cluster_BRR38521-BAR000-BAR29407-BAR3176-PDG0006-PDG33647,issue #91 / docs/bench/2026-09-11-generalizacao.csv,BRR38521,BAR000;BAR29407;BAR3176;BRR38521;PDG0006;PDG33647,655895678,maior trecho do tronco do CTMT principal,curva,cadastrado,1.4,0,15,15,462279321,restaurar,False,462279321,BAR000,True,0.6711748296720397,185.52316109903524,564.2,1.0075761366413267,brr38521_mt_447665,1.0449992658081289,bar000_mt_51516,65.16721271941518,1418.1905934549807,,vminpu=0.9
alimentador,BRR38521,"amostra #91 — região Barra/Recreio, porte G, 15 opção(ões) / 15 viável(is)",cluster_BRR38521-BAR000-BAR29407-BAR3176-PDG0006-PDG33647,issue #91 / docs/bench/2026-09-11-generalizacao.csv,BRR38521,BAR000;BAR29407;BAR3176;BRR38521;PDG0006;PDG33647,655895678,maior trecho do tronco do CTMT principal,curva,rebalanceado,0.6,2535,15,15,462279321,restaurar,False,462279321,BAR000,True,0.8525741439650073,83.1776679749429,564.2,1.0283365735234173,brr38521_mt_447665,1.0449996921095583,bar000_mt_51516,29.2186058106341,612.3908995868214,,vminpu=0.9
alimentador,BRR38521,"amostra #91 — região Barra/Recreio, porte G, 15 opção(ões) / 15 viável(is)",cluster_BRR38521-BAR000-BAR29407-BAR3176-PDG0006-PDG33647,issue #91 / docs/bench/2026-09-11-generalizacao.csv,BRR38521,BAR000;BAR29407;BAR3176;BRR38521;PDG0006;PDG33647,655895678,maior trecho do tronco do CTMT principal,curva,rebalanceado,0.8,2535,15,15,462279321,restaurar,False,462279321,BAR000,True,0.8068725610574473,108.96250105138824,564.2,1.0230610372066036,brr38521_mt_447665,1.0449995864524957,bar000_mt_51516,38.275496870513365,775.4957286225338,,vminpu=0.9
alimentador,BRR38521,"amostra #91 — região Barra/Recreio, porte G, 15 opção(ões) / 15 viável(is)",cluster_BRR38521-BAR000-BAR29407-BAR3176-PDG0006-PDG33647,issue #91 / docs/bench/2026-09-11-generalizacao.csv,BRR38521,BAR000;BAR29407;BAR3176;BRR38521;PDG0006;PDG33647,655895678,maior trecho do tronco do CTMT principal,curva,rebalanceado,1.0,2535,15,15,462279321,restaurar,False,462279321,BAR000,True,0.7615178751024758,134.55161486718313,564.2,1.017815606703465,brr38521_mt_447665,1.044999479587969,bar000_mt_51516,47.263627671126876,964.3534747812816,,vminpu=0.9
alimentador,BRR38521,"amostra #91 — região Barra/Recreio, porte G, 15 opção(ões) / 15 viável(is)",cluster_BRR38521-BAR000-BAR29407-BAR3176-PDG0006-PDG33647,issue #91 / docs/bench/2026-09-11-generalizacao.csv,BRR38521,BAR000;BAR29407;BAR3176;BRR38521;PDG0006;PDG33647,655895678,maior trecho do tronco do CTMT principal,curva,rebalanceado,1.2,2535,15,15,462279321,restaurar,False,462279321,BAR000,True,0.7165236934425456,159.93733215971574,564.2,1.0126060909248362,brr38521_mt_447665,1.0449993716672143,bar000_mt_51516,56.18030718579686,1176.5296720584645,,vminpu=0.9
alimentador,BRR38521,"amostra #91 — região Barra/Recreio, porte G, 15 opção(ões) / 15 viável(is)",cluster_BRR38521-BAR000-BAR29407-BAR3176-PDG0006-PDG33647,issue #91 / docs/bench/2026-09-11-generalizacao.csv,BRR38521,BAR000;BAR29407;BAR3176;BRR38521;PDG0006;PDG33647,655895678,maior trecho do tronco do CTMT principal,curva,rebalanceado,1.4,2535,15,15,462279321,restaurar,False,462279321,BAR000,True,0.671861960583143,185.13548183899076,564.2,1.0074146713774703,brr38521_mt_447665,1.0449992611641687,bar000_mt_51516,65.03110256285183,1409.5776478373455,,vminpu=0.9
alimentador,BRR38521,"amostra #91 — região Barra/Recreio, porte G, 15 opção(ões) / 15 viável(is)",cluster_BRR38521-BAR000-BAR29407-BAR3176-PDG0006-PDG33647,issue #91 / docs/bench/2026-09-11-generalizacao.csv,BRR38521,BAR000;BAR29407;BAR3176;BRR38521;PDG0006;PDG33647,655895678,maior trecho do tronco do CTMT principal,nominal,cadastrado,0.6,0,15,15,462279321,restaurar,False,462279321,BAR000,True,0.6866436960007615,176.7956267163704,564.2,1.0095636729411075,brr38521_mt_447665,1.0449992870381615,bar000_mt_51516,62.10173406830891,1033.1216437912994,,vminpu=0.9; model=2
alimentador,BRR38521,"amostra #91 — região Barra/Recreio, porte G, 15 opção(ões) / 15 viável(is)",cluster_BRR38521-BAR000-BAR29407-BAR3176-PDG0006-PDG33647,issue #91 / docs/bench/2026-09-11-generalizacao.csv,BRR38521,BAR000;BAR29407;BAR3176;BRR38521;PDG0006;PDG33647,655895678,maior trecho do tronco do CTMT principal,nominal,cadastrado,0.8,0,15,10,470326292,restaurar,True,470326292,BAR000,True,0.5856017514028724,233.8034918584994,564.2,0.9928012254971468,brr38521_mt_447665,1.0449990425778954,bar000_mt_51516,82.12561523046496,1537.1356846265476,,vminpu=0.9
alimentador,BRR38521,"amostra #91 — região Barra/Recreio, porte G, 15 opção(ões) / 15 viável(is)",cluster_BRR38521-BAR000-BAR29407-BAR3176-PDG0006-PDG33647,issue #91 / docs/bench/2026-09-11-generalizacao.csv,BRR38521,BAR000;BAR29407;BAR3176;BRR38521;PDG0006;PDG33647,655895678,maior trecho do tronco do CTMT principal,nominal,cadastrado,1.0,0,15,2,1004924862,restaurar,True,1004924862,PDG0006,True,0.12433411220049993,494.050693896478,564.2,0.9322647001245238,brr38521_mt_447665,1.0449973959726322,pdg0006_mt_461463,87.56777271640856,2182.1372936409425,,vminpu=0.9
alimentador,BRR38521,"amostra #91 — região Barra/Recreio, porte G, 15 opção(ões) / 15 viável(is)",cluster_BRR38521-BAR000-BAR29407-BAR3176-PDG0006-PDG33647,issue #91 / docs/bench/2026-09-11-generalizacao.csv,BRR38521,BAR000;BAR29407;BAR3176;BRR38521;PDG0006;PDG33647,655895678,maior trecho do tronco do CTMT principal,nominal,cadastrado,1.2,0,15,0,sem transferência,sem_opcao_viavel,True,470326292,BAR000,False,0.39062747111468876,343.8079807970926,564.2,0.9676727307535318,brr38521_mt_447665,1.0449985102470303,bar000_mt_51516,120.76443648861832,2641.8431557467684,"11 trecho(s) MT acima de 100 % (Line.smt_584632598 121 %, Line.smt_362486833 121 %, Line.smt_362488297 121 %)",vminpu=0.9
alimentador,BRR38521,"amostra #91 — região Barra/Recreio, porte G, 15 opção(ões) / 15 viável(is)",cluster_BRR38521-BAR000-BAR29407-BAR3176-PDG0006-PDG33647,issue #91 / docs/bench/2026-09-11-generalizacao.csv,BRR38521,BAR000;BAR29407;BAR3176;BRR38521;PDG0006;PDG33647,655895678,maior trecho do tronco do CTMT principal,nominal,cadastrado,1.4,0,15,0,sem transferência,sem_opcao_viavel,True,470326292,BAR000,False,0.29686107372457543,396.7109822045946,564.2,0.9554885912615647,brr38521_mt_447665,1.0449982232863704,bar000_mt_51516,139.34649313479304,3274.000026234642,"16 trecho(s) MT acima de 100 % (Line.smt_584632598 139 %, Line.smt_362486833 139 %, Line.smt_362488297 139 %)",vminpu=0.9
alimentador,BRR38521,"amostra #91 — região Barra/Recreio, porte G, 15 opção(ões) / 15 viável(is)",cluster_BRR38521-BAR000-BAR29407-BAR3176-PDG0006-PDG33647,issue #91 / docs/bench/2026-09-11-generalizacao.csv,BRR38521,BAR000;BAR29407;BAR3176;BRR38521;PDG0006;PDG33647,655895678,maior trecho do tronco do CTMT principal,nominal,rebalanceado,0.6,2541,15,15,470326292,restaurar,True,470326292,BAR000,True,0.6871789242748552,176.4936509241267,564.2,1.005578131640692,brr38521_mt_447665,1.0449992876840195,bar000_mt_51516,61.99571690502227,1032.8147576952213,,vminpu=0.9; model=2
alimentador,BRR38521,"amostra #91 — região Barra/Recreio, porte G, 15 opção(ões) / 15 viável(is)",cluster_BRR38521-BAR000-BAR29407-BAR3176-PDG0006-PDG33647,issue #91 / docs/bench/2026-09-11-generalizacao.csv,BRR38521,BAR000;BAR29407;BAR3176;BRR38521;PDG0006;PDG33647,655895678,maior trecho do tronco do CTMT principal,nominal,rebalanceado,0.8,2541,15,10,462279321,restaurar,False,462279321,BAR000,True,0.5850491329451565,234.1152791923427,564.2,0.9976014008472267,brr38521_mt_447665,1.0449990438992507,bar000_mt_51516,82.2351757188275,1516.0934925791296,,vminpu=0.9
alimentador,BRR38521,"amostra #91 — região Barra/Recreio, porte G, 15 opção(ões) / 15 viável(is)",cluster_BRR38521-BAR000-BAR29407-BAR3176-PDG0006-PDG33647,issue #91 / docs/bench/2026-09-11-generalizacao.csv,BRR38521,BAR000;BAR29407;BAR3176;BRR38521;PDG0006;PDG33647,655895678,maior trecho do tronco do CTMT principal,nominal,rebalanceado,1.0,2541,15,2,1004924862,restaurar,True,1004924862,PDG0006,True,0.12079594512953777,496.04692775791483,564.2,0.931591907098164,brr38521_mt_447665,1.0449974127315815,pdg0006_mt_461463,87.92159606066475,2169.825495155087,,vminpu=0.9
alimentador,BRR38521,"amostra #91 — região Barra/Recreio, porte G, 15 opção(ões) / 15 viável(is)",cluster_BRR38521-BAR000-BAR29407-BAR3176-PDG0006-PDG33647,issue #91 / docs/bench/2026-09-11-generalizacao.csv,BRR38521,BAR000;BAR29407;BAR3176;BRR38521;PDG0006;PDG33647,655895678,maior trecho do tronco do CTMT principal,nominal,rebalanceado,1.2,2541,15,0,sem transferência,sem_opcao_viavel,True,462279321,BAR000,False,0.38970284600264915,344.32965428530537,564.2,0.974801459089244,brr38521_mt_447665,1.0449985149618712,bar000_mt_51516,120.94771085203652,2602.6882003978994,"11 trecho(s) MT acima de 100 % (Line.smt_584632598 121 %, Line.smt_362486833 121 %, Line.smt_362488297 121 %)",vminpu=0.9
alimentador,BRR38521,"amostra #91 — região Barra/Recreio, porte G, 15 opção(ões) / 15 viável(is)",cluster_BRR38521-BAR000-BAR29407-BAR3176-PDG0006-PDG33647,issue #91 / docs/bench/2026-09-11-generalizacao.csv,BRR38521,BAR000;BAR29407;BAR3176;BRR38521;PDG0006;PDG33647,655895678,maior trecho do tronco do CTMT principal,nominal,rebalanceado,1.4,2541,15,0,sem transferência,sem_opcao_viavel,True,470326292,BAR000,False,0.2963664848870711,396.9900292267145,564.2,0.9549980285294367,brr38521_mt_447665,1.0449982245218212,bar000_mt_51516,139.44454990873442,3255.785031041253,"16 trecho(s) MT acima de 100 % (Line.smt_584632598 139 %, Line.smt_362486833 139 %, Line.smt_362488297 139 %)",vminpu=0.9
alimentador,ALC683,"amostra #91 — região Tijuca, porte P, 6 opção(ões) / 6 viável(is)",cluster_ALC683-ALC718-ALC740-ALC868-ALC9946,issue #91 / docs/bench/2026-09-11-generalizacao.csv,ALC683,ALC868;ALC718;ALC740;ALC683;ALC9946,12435787,maior trecho do tronco do CTMT principal,curva,cadastrado,0.6,0,6,6,11121256,restaurar,False,11121256,ALC718,True,0.8400953401118837,94.58360632382079,591.5,1.0415608615599816,alc683_mt_357172,1.044999567932011,alc718_mt_50516,16.764687904436627,360.84468797143177,,vminpu=0.9
alimentador,ALC683,"amostra #91 — região Tijuca, porte P, 6 opção(ões) / 6 viável(is)",cluster_ALC683-ALC718-ALC740-ALC868-ALC9946,issue #91 / docs/bench/2026-09-11-generalizacao.csv,ALC683,ALC868;ALC718;ALC740;ALC683;ALC9946,12435787,maior trecho do tronco do CTMT principal,curva,cadastrado,0.8,0,6,6,11121256,restaurar,False,11121256,ALC718,True,0.7883203818623723,125.2084941284068,591.5,1.040428849283616,alc683_mt_357172,1.04499941730208,alc718_mt_50516,22.192713652783553,515.1560345827179,,vminpu=0.9
alimentador,ALC683,"amostra #91 — região Tijuca, porte P, 6 opção(ões) / 6 viável(is)",cluster_ALC683-ALC718-ALC740-ALC868-ALC9946,issue #91 / docs/bench/2026-09-11-generalizacao.csv,ALC683,ALC868;ALC718;ALC740;ALC683;ALC9946,12435787,maior trecho do tronco do CTMT principal,curva,cadastrado,1.0,0,6,6,11121256,restaurar,False,11121256,ALC718,True,0.7370313264304703,155.54597041637678,591.5,1.0392990500196297,alc683_mt_357172,1.044999263277193,alc718_mt_50516,27.56979761447052,694.4198504062427,,vminpu=0.9
alimentador,ALC683,"amostra #91 — região Tijuca, porte P, 6 opção(ões) / 6 viável(is)",cluster_ALC683-ALC718-ALC740-ALC868-ALC9946,issue #91 / docs/bench/2026-09-11-generalizacao.csv,ALC683,ALC868;ALC718;ALC740;ALC683;ALC9946,12435787,maior trecho do tronco do CTMT principal,curva,cadastrado,1.2,0,6,6,11121256,restaurar,False,11121256,ALC718,True,0.6862661032959977,185.57359990041738,591.5,1.038171418719826,alc683_mt_357172,1.0449991056704673,alc718_mt_50516,32.89196384578554,895.1353917595553,,vminpu=0.9
alimentador,ALC683,"amostra #91 — região Tijuca, porte P, 6 opção(ões) / 6 viável(is)",cluster_ALC683-ALC718-ALC740-ALC868-ALC9946,issue #91 / docs/bench/2026-09-11-generalizacao.csv,ALC683,ALC868;ALC718;ALC740;ALC683;ALC9946,12435787,maior trecho do tronco do CTMT principal,curva,cadastrado,1.4,0,6,6,11121256,restaurar,False,11121256,ALC718,True,0.6360780539430734,215.25983109267216,591.5,1.0370429756308581,alc683_mt_357172,1.0449989434080666,alc718_mt_50516,38.153620400907236,1114.8806447955842,,vminpu=0.9
alimentador,ALC683,"amostra #91 — região Tijuca, porte P, 6 opção(ões) / 6 viável(is)",cluster_ALC683-ALC718-ALC740-ALC868-ALC9946,issue #91 / docs/bench/2026-09-11-generalizacao.csv,ALC683,ALC868;ALC718;ALC740;ALC683;ALC9946,12435787,maior trecho do tronco do CTMT principal,curva,rebalanceado,0.6,2366,6,6,11121256,restaurar,False,11121256,ALC718,True,0.8413119056769358,93.86400779209248,591.5,1.0416388031363952,alc683_mt_357172,1.0449995566039416,alc718_mt_50516,16.637128117735795,348.67396444164694,,vminpu=0.9
alimentador,ALC683,"amostra #91 — região Tijuca, porte P, 6 opção(ões) / 6 viável(is)",cluster_ALC683-ALC718-ALC740-ALC868-ALC9946,issue #91 / docs/bench/2026-09-11-generalizacao.csv,ALC683,ALC868;ALC718;ALC740;ALC683;ALC9946,12435787,maior trecho do tronco do CTMT principal,curva,rebalanceado,0.8,2366,6,6,11121256,restaurar,False,11121256,ALC718,True,0.7897547331518172,124.36007534070013,591.5,1.04052578262977,alc683_mt_357172,1.0449994029059622,alc718_mt_50516,22.04232188706511,501.22832829475203,,vminpu=0.9
alimentador,ALC683,"amostra #91 — região Tijuca, porte P, 6 opção(ões) / 6 viável(is)",cluster_ALC683-ALC718-ALC740-ALC868-ALC9946,issue #91 / docs/bench/2026-09-11-generalizacao.csv,ALC683,ALC868;ALC718;ALC740;ALC683;ALC9946,12435787,maior trecho do tronco do CTMT principal,curva,rebalanceado,1.0,2366,6,6,11121256,restaurar,False,11121256,ALC718,True,0.7386600058603369,154.58260653361074,591.5,1.039412042875778,alc683_mt_357172,1.0449992460171114,alc718_mt_50516,27.399033344791345,679.4735086142518,,vminpu=0.9
alimentador,ALC683,"amostra #91 — região Tijuca, porte P, 6 opção(ões) / 6 viável(is)",cluster_ALC683-ALC718-ALC740-ALC868-ALC9946,issue #91 / docs/bench/2026-09-11-generalizacao.csv,ALC683,ALC868;ALC718;ALC740;ALC683;ALC9946,12435787,maior trecho do tronco do CTMT principal,curva,rebalanceado,1.2,2366,6,6,11121256,restaurar,False,11121256,ALC718,True,0.6880694129364422,184.50694224809448,591.5,1.0382995400425623,alc683_mt_357172,1.0449990858890201,alc718_mt_50516,32.702892039597835,879.6183810289727,,vminpu=0.9
alimentador,ALC683,"amostra #91 — região Tijuca, porte P, 6 opção(ões) / 6 viável(is)",cluster_ALC683-ALC718-ALC740-ALC868-ALC9946,issue #91 / docs/bench/2026-09-11-generalizacao.csv,ALC683,ALC868;ALC718;ALC740;ALC683;ALC9946,12435787,maior trecho do tronco do CTMT principal,curva,rebalanceado,1.4,2366,6,6,11121256,restaurar,False,11121256,ALC718,True,0.6379662847695872,214.14294255878917,591.5,1.0371830248774296,alc683_mt_357172,1.044998920905986,alc718_mt_50516,37.95564606135114,1099.7802658491107,,vminpu=0.9
alimentador,ALC683,"amostra #91 — região Tijuca, porte P, 6 opção(ões) / 6 viável(is)",cluster_ALC683-ALC718-ALC740-ALC868-ALC9946,issue #91 / docs/bench/2026-09-11-generalizacao.csv,ALC683,ALC868;ALC718;ALC740;ALC683;ALC9946,12435787,maior trecho do tronco do CTMT principal,nominal,cadastrado,0.6,0,6,6,11121256,restaurar,False,11121256,ALC718,True,0.752411411003001,146.4486503917249,591.5,1.039596125813442,alc718_mt_403300,1.044999317917213,alc718_mt_50516,25.95737132483748,609.0150480479973,,vminpu=0.9
alimentador,ALC683,"amostra #91 — região Tijuca, porte P, 6 opção(ões) / 6 viável(is)",cluster_ALC683-ALC718-ALC740-ALC868-ALC9946,issue #91 / docs/bench/2026-09-11-generalizacao.csv,ALC683,ALC868;ALC718;ALC740;ALC683;ALC9946,12435787,maior trecho do tronco do CTMT principal,nominal,cadastrado,0.8,0,6,6,11121256,restaurar,False,11121256,ALC718,True,0.6729312157114355,193.4611859066859,591.5,1.0378179393192584,alc718_mt_403300,1.0449990742107311,alc718_mt_50516,34.28998136409287,911.5321827104406,,vminpu=0.9
alimentador,ALC683,"amostra #91 — região Tijuca, porte P, 6 opção(ões) / 6 viável(is)",cluster_ALC683-ALC718-ALC740-ALC868-ALC9946,issue #91 / docs/bench/2026-09-11-generalizacao.csv,ALC683,ALC868;ALC718;ALC740;ALC683;ALC9946,12435787,maior trecho do tronco do CTMT principal,nominal,cadastrado,1.0,0,6,6,11121256,restaurar,False,11121256,ALC718,True,0.5951515121240736,239.46788057861048,591.5,1.0360568341154897,alc718_mt_403300,1.044998822348585,alc718_mt_50516,42.44431352954963,1256.3254777729032,,vminpu=0.9
alimentador,ALC683,"amostra #91 — região Tijuca, porte P, 6 opção(ões) / 6 viável(is)",cluster_ALC683-ALC718-ALC740-ALC868-ALC9946,issue #91 / docs/bench/2026-09-11-generalizacao.csv,ALC683,ALC868;ALC718;ALC740;ALC683;ALC9946,12435787,maior trecho do tronco do CTMT principal,nominal,cadastrado,1.2,0,6,6,11121256,restaurar,False,11121256,ALC718,True,0.519075076004354,284.4670925434246,591.5,1.034304072659788,alc718_mt_403300,1.0449985594723599,alc718_mt_50516,50.42007794986657,1637.1701650616708,,vminpu=0.9
alimentador,ALC683,"amostra #91 — região Tijuca, porte P, 6 opção(ões) / 6 viável(is)",cluster_ALC683-ALC718-ALC740-ALC868-ALC9946,issue #91 / docs/bench/2026-09-11-generalizacao.csv,ALC683,ALC868;ALC718;ALC740;ALC683;ALC9946,12435787,maior trecho do tronco do CTMT principal,nominal,cadastrado,1.4,0,6,6,11121256,restaurar,False,11121256,ALC718,True,0.4451168405026142,328.2133888427037,591.5,1.0325733450203676,alc718_mt_403300,1.0449982841292065,alc718_mt_50516,58.173773148587756,2045.3687213610383,,vminpu=0.9
alimentador,ALC683,"amostra #91 — região Tijuca, porte P, 6 opção(ões) / 6 viável(is)",cluster_ALC683-ALC718-ALC740-ALC868-ALC9946,issue #91 / docs/bench/2026-09-11-generalizacao.csv,ALC683,ALC868;ALC718;ALC740;ALC683;ALC9946,12435787,maior trecho do tronco do CTMT principal,nominal,rebalanceado,0.6,2301,6,6,11121256,restaurar,False,11121256,ALC718,True,0.7542953169305401,145.33432003558556,591.5,1.0396969835790306,alc718_mt_403300,1.0449992996203592,alc718_mt_50516,25.75984830835449,589.7105841004993,,vminpu=0.9
alimentador,ALC683,"amostra #91 — região Tijuca, porte P, 6 opção(ões) / 6 viável(is)",cluster_ALC683-ALC718-ALC740-ALC868-ALC9946,issue #91 / docs/bench/2026-09-11-generalizacao.csv,ALC683,ALC868;ALC718;ALC740;ALC683;ALC9946,12435787,maior trecho do tronco do CTMT principal,nominal,rebalanceado,0.8,2301,6,6,11121256,restaurar,False,11121256,ALC718,True,0.6752028068381253,192.1175397552489,591.5,1.037944950588699,alc718_mt_403300,1.0449990513087153,alc718_mt_50516,34.05181430803154,888.4354881176214,,vminpu=0.9
alimentador,ALC683,"amostra #91 — região Tijuca, porte P, 6 opção(ões) / 6 viável(is)",cluster_ALC683-ALC718-ALC740-ALC868-ALC9946,issue #91 / docs/bench/2026-09-11-generalizacao.csv,ALC683,ALC868;ALC718;ALC740;ALC683;ALC9946,12435787,maior trecho do tronco do CTMT principal,nominal,rebalanceado,1.0,2301,6,6,11121256,restaurar,False,11121256,ALC718,True,0.5976169559871463,238.00957053360295,591.5,1.0362058343610516,alc718_mt_403300,1.0449987951670858,alc718_mt_50516,42.1858237826152,1232.3776259559143,,vminpu=0.9
alimentador,ALC683,"amostra #91 — região Tijuca, porte P, 6 opção(ões) / 6 viável(is)",cluster_ALC683-ALC718-ALC740-ALC868-ALC9946,issue #91 / docs/bench/2026-09-11-generalizacao.csv,ALC683,ALC868;ALC718;ALC740;ALC683;ALC9946,12435787,maior trecho do tronco do CTMT principal,nominal,rebalanceado,1.2,2301,6,6,11121256,restaurar,False,11121256,ALC718,True,0.5216041254853477,282.9711597754168,591.5,1.034474351202741,alc718_mt_403300,1.0449985304554168,alc718_mt_50516,50.154919790064405,1613.4650020440813,,vminpu=0.9
alimentador,ALC683,"amostra #91 — região Tijuca, porte P, 6 opção(ões) / 6 viável(is)",cluster_ALC683-ALC718-ALC740-ALC868-ALC9946,issue #91 / docs/bench/2026-09-11-generalizacao.csv,ALC683,ALC868;ALC718;ALC740;ALC683;ALC9946,12435787,maior trecho do tronco do CTMT principal,nominal,rebalanceado,1.4,2301,6,6,11121256,restaurar,False,11121256,ALC718,True,0.44748654264365534,326.81171002627786,591.5,1.0327492483648788,alc718_mt_403300,1.044998252554242,alc718_mt_50516,57.925321740148924,2022.8047492889316,,vminpu=0.9
alimentador,PDG33010,"amostra #91 — região Jacarepaguá/Taquara, porte M, 7 opção(ões) / 5 viável(is)",cluster_PDG33010-PDG219-PDG29015-PDG29724-PDG29731-PDG33499-PDG33662-TQR00005,issue #91 / docs/bench/2026-09-11-generalizacao.csv,PDG33010,PDG29731;PDG33010;PDG219;PDG29015;PDG29724;PDG33499;PDG33662;TQR00005,12311381,maior trecho do tronco do CTMT principal,curva,cadastrado,0.6,0,7,6,11009531,restaurar,False,11009531,PDG29015,True,0.6934984209741176,178.10806757194024,581.1,1.0323524245574862,pdg33010_mt_359549,1.0449992619580004,pdg29015_mt_50472,31.56858548960747,1201.3637526987395,,vminpu=0.9
alimentador,PDG33010,"amostra #91 — região Jacarepaguá/Taquara, porte M, 7 opção(ões) / 5 viável(is)",cluster_PDG33010-PDG219-PDG29015-PDG29724-PDG29731-PDG33499-PDG33662-TQR00005,issue #91 / docs/bench/2026-09-11-generalizacao.csv,PDG33010,PDG29731;PDG33010;PDG219;PDG29015;PDG29724;PDG33499;PDG33662;TQR00005,12311381,maior trecho do tronco do CTMT principal,curva,cadastrado,0.8,0,7,6,11009531,restaurar,False,11009531,PDG29015,True,0.6002115105954168,232.3170911930033,581.1,1.028308414604663,pdg33010_mt_359549,1.0449989982992078,pdg29015_mt_50472,41.17671303337049,1661.4354009941414,,vminpu=0.9
alimentador,PDG33010,"amostra #91 — região Jacarepaguá/Taquara, porte M, 7 opção(ões) / 5 viável(is)",cluster_PDG33010-PDG219-PDG29015-PDG29724-PDG29731-PDG33499-PDG33662-TQR00005,issue #91 / docs/bench/2026-09-11-generalizacao.csv,PDG33010,PDG29731;PDG33010;PDG219;PDG29015;PDG29724;PDG33499;PDG33662;TQR00005,12311381,maior trecho do tronco do CTMT principal,curva,cadastrado,1.0,0,7,5,11009531,restaurar,False,11009531,PDG29015,True,0.5094457108544973,285.0610974224516,581.1,1.024318154577055,pdg33010_mt_359549,1.0449987270989158,pdg29015_mt_50472,50.52517741700101,2207.548997009635,,vminpu=0.9
alimentador,PDG33010,"amostra #91 — região Jacarepaguá/Taquara, porte M, 7 opção(ões) / 5 viável(is)",cluster_PDG33010-PDG219-PDG29015-PDG29724-PDG29731-PDG33499-PDG33662-TQR00005,issue #91 / docs/bench/2026-09-11-generalizacao.csv,PDG33010,PDG29731;PDG33010;PDG219;PDG29015;PDG29724;PDG33499;PDG33662;TQR00005,12311381,maior trecho do tronco do CTMT principal,curva,cadastrado,1.2,0,7,1,11009531,restaurar,False,11009531,PDG29015,True,0.4208332279710737,336.5538112260091,581.1,1.0203015040263874,pdg33010_mt_359549,1.0449984452768946,pdg29015_mt_50472,59.65186165121618,2828.25414377649,,vminpu=0.9
alimentador,PDG33010,"amostra #91 — região Jacarepaguá/Taquara, porte M, 7 opção(ões) / 5 viável(is)",cluster_PDG33010-PDG219-PDG29015-PDG29724-PDG29731-PDG33499-PDG33662-TQR00005,issue #91 / docs/bench/2026-09-11-generalizacao.csv,PDG33010,PDG29731;PDG33010;PDG219;PDG29015;PDG29724;PDG33499;PDG33662;TQR00005,12311381,maior trecho do tronco do CTMT principal,curva,cadastrado,1.4,0,7,1,11009531,restaurar,False,11009531,PDG29015,True,0.33556565591394033,386.1027973484093,581.1,1.0163974075217725,pdg33010_mt_359549,1.0449981596495381,pdg29015_mt_50472,68.43403427140369,3510.911852884805,,vminpu=0.9
alimentador,PDG33010,"amostra #91 — região Jacarepaguá/Taquara, porte M, 7 opção(ões) / 5 viável(is)",cluster_PDG33010-PDG219-PDG29015-PDG29724-PDG29731-PDG33499-PDG33662-TQR00005,issue #91 / docs/bench/2026-09-11-generalizacao.csv,PDG33010,PDG29731;PDG33010;PDG219;PDG29015;PDG29724;PDG33499;PDG33662;TQR00005,12311381,maior trecho do tronco do CTMT principal,curva,rebalanceado,0.6,3305,7,6,11009531,restaurar,False,11009531,PDG29015,True,0.6907843509152019,179.68521368317624,581.1,1.0323799364459334,pdg33010_mt_359549,1.0449992655683016,pdg29015_mt_50472,31.848110946618995,1186.2017789019146,,vminpu=0.9
alimentador,PDG33010,"amostra #91 — região Jacarepaguá/Taquara, porte M, 7 opção(ões) / 5 viável(is)",cluster_PDG33010-PDG219-PDG29015-PDG29724-PDG29731-PDG33499-PDG33662-TQR00005,issue #91 / docs/bench/2026-09-11-generalizacao.csv,PDG33010,PDG29731;PDG33010;PDG219;PDG29015;PDG29724;PDG33499;PDG33662;TQR00005,12311381,maior trecho do tronco do CTMT principal,curva,rebalanceado,0.8,3305,7,6,11009531,restaurar,False,11009531,PDG29015,True,0.5968127253314294,234.2921253099064,581.1,1.0283340905612541,pdg33010_mt_359549,1.044999003415442,pdg29015_mt_50472,41.52676209084607,1642.5116375703988,,vminpu=0.9
alimentador,PDG33010,"amostra #91 — região Jacarepaguá/Taquara, porte M, 7 opção(ões) / 5 viável(is)",cluster_PDG33010-PDG219-PDG29015-PDG29724-PDG29731-PDG33499-PDG33662-TQR00005,issue #91 / docs/bench/2026-09-11-generalizacao.csv,PDG33010,PDG29731;PDG33010;PDG219;PDG29015;PDG29724;PDG33499;PDG33662;TQR00005,12311381,maior trecho do tronco do CTMT principal,curva,rebalanceado,1.0,3305,7,5,11009531,restaurar,False,11009531,PDG29015,True,0.5053357240175548,287.44941077339894,581.1,1.024332788267896,pdg33010_mt_359549,1.0449987338855757,pdg29015_mt_50472,50.94847793357455,2185.8750604745746,,vminpu=0.9
alimentador,PDG33010,"amostra #91 — região Jacarepaguá/Taquara, porte M, 7 opção(ões) / 5 viável(is)",cluster_PDG33010-PDG219-PDG29015-PDG29724-PDG29731-PDG33499-PDG33662-TQR00005,issue #91 / docs/bench/2026-09-11-generalizacao.csv,PDG33010,PDG29731;PDG33010;PDG219;PDG29015;PDG29724;PDG33499;PDG33662;TQR00005,12311381,maior trecho do tronco do CTMT principal,curva,rebalanceado,1.2,3305,7,1,11009531,restaurar,False,11009531,PDG29015,True,0.4160916828598141,339.309123090162,581.1,1.0203029947907687,pdg33010_mt_359549,1.04499845427668,pdg29015_mt_50472,60.14021058036961,2805.703928065153,,vminpu=0.9
alimentador,PDG33010,"amostra #91 — região Jacarepaguá/Taquara, porte M, 7 opção(ões) / 5 viável(is)",cluster_PDG33010-PDG219-PDG29015-PDG29724-PDG29731-PDG33499-PDG33662-TQR00005,issue #91 / docs/bench/2026-09-11-generalizacao.csv,PDG33010,PDG29731;PDG33010;PDG219;PDG29015;PDG29724;PDG33499;PDG33662;TQR00005,12311381,maior trecho do tronco do CTMT principal,curva,rebalanceado,1.4,3305,7,1,11009531,restaurar,False,11009531,PDG29015,True,0.33032605048577435,389.14753206271655,581.1,1.0163828490050493,pdg33010_mt_359549,1.0449981687784164,pdg29015_mt_50472,68.97368198668781,3488.7140619229976,,vminpu=0.9
alimentador,PDG33010,"amostra #91 — região Jacarepaguá/Taquara, porte M, 7 opção(ões) / 5 viável(is)",cluster_PDG33010-PDG219-PDG29015-PDG29724-PDG29731-PDG33499-PDG33662-TQR00005,issue #91 / docs/bench/2026-09-11-generalizacao.csv,PDG33010,PDG29731;PDG33010;PDG219;PDG29015;PDG29724;PDG33499;PDG33662;TQR00005,12311381,maior trecho do tronco do CTMT principal,nominal,cadastrado,0.6,0,7,5,11009531,restaurar,False,11009531,PDG29015,True,0.5448561676407639,264.4840809839521,581.1,1.0259740848810257,pdg33010_mt_359549,1.0449988308079645,pdg29015_mt_50472,46.87805724679343,2038.1318025392939,,vminpu=0.9
alimentador,PDG33010,"amostra #91 — região Jacarepaguá/Taquara, porte M, 7 opção(ões) / 5 viável(is)",cluster_PDG33010-PDG219-PDG29015-PDG29724-PDG29731-PDG33499-PDG33662-TQR00005,issue #91 / docs/bench/2026-09-11-generalizacao.csv,PDG33010,PDG29731;PDG33010;PDG219;PDG29015;PDG29724;PDG33499;PDG33662;TQR00005,12311381,maior trecho do tronco do CTMT principal,nominal,cadastrado,0.8,0,7,1,11009531,restaurar,False,11009531,PDG29015,True,0.4072234294494778,344.46246514690847,581.1,1.0198851497573957,pdg33010_mt_359549,1.044998405109535,pdg29015_mt_50472,61.05360364621848,2995.252627474839,,vminpu=0.9
alimentador,PDG33010,"amostra #91 — região Jacarepaguá/Taquara, porte M, 7 opção(ões) / 5 viável(is)",cluster_PDG33010-PDG219-PDG29015-PDG29724-PDG29731-PDG33499-PDG33662-TQR00005,issue #91 / docs/bench/2026-09-11-generalizacao.csv,PDG33010,PDG29731;PDG33010;PDG219;PDG29015;PDG29724;PDG33499;PDG33662;TQR00005,12311381,maior trecho do tronco do CTMT principal,nominal,cadastrado,1.0,0,7,1,11009531,restaurar,False,11009531,PDG29015,True,0.2754288243070683,421.0483101951626,581.1,1.0139253042986154,pdg33010_mt_359549,1.0449979697474088,pdg29015_mt_50472,74.62784851626176,4091.305624302732,,vminpu=0.9
alimentador,PDG33010,"amostra #91 — região Jacarepaguá/Taquara, porte M, 7 opção(ões) / 5 viável(is)",cluster_PDG33010-PDG219-PDG29015-PDG29724-PDG29731-PDG33499-PDG33662-TQR00005,issue #91 / docs/bench/2026-09-11-generalizacao.csv,PDG33010,PDG29731;PDG33010;PDG219;PDG29015;PDG29724;PDG33499;PDG33662;TQR00005,12311381,maior trecho do tronco do CTMT principal,nominal,cadastrado,1.2,0,7,1,11009531,restaurar,False,11009531,PDG29015,True,0.15011489944553888,493.8682319321974,581.1,1.0080272920745674,pdg33010_mt_359549,1.0449975093896293,pdg29015_mt_50472,87.53461534905716,5298.66945356285,,vminpu=0.9
alimentador,PDG33010,"amostra #91 — região Jacarepaguá/Taquara, porte M, 7 opção(ões) / 5 viável(is)",cluster_PDG33010-PDG219-PDG29015-PDG29724-PDG29731-PDG33499-PDG33662-TQR00005,issue #91 / docs/bench/2026-09-11-generalizacao.csv,PDG33010,PDG29731;PDG33010;PDG219;PDG29015;PDG29724;PDG33499;PDG33662;TQR00005,12311381,maior trecho do tronco do CTMT principal,nominal,cadastrado,1.4,0,7,1,11009531,restaurar,False,11009531,PDG29015,True,0.031304268445081704,562.909089606563,581.1,1.0024672689226983,pdg33010_mt_359549,1.0449970617840119,pdg29015_mt_50472,99.77157054491937,6588.133675457883,,vminpu=0.9
alimentador,PDG33010,"amostra #91 — região Jacarepaguá/Taquara, porte M, 7 opção(ões) / 5 viável(is)",cluster_PDG33010-PDG219-PDG29015-PDG29724-PDG29731-PDG33499-PDG33662-TQR00005,issue #91 / docs/bench/2026-09-11-generalizacao.csv,PDG33010,PDG29731;PDG33010;PDG219;PDG29015;PDG29724;PDG33499;PDG33662;TQR00005,12311381,maior trecho do tronco do CTMT principal,nominal,rebalanceado,0.6,3297,7,5,11009531,restaurar,False,11009531,PDG29015,True,0.5416204892229418,266.3643337125485,581.1,1.0259644137855077,pdg33010_mt_359549,1.044998831408643,pdg29015_mt_50472,47.21131075404729,2014.9985488450327,,vminpu=0.9
alimentador,PDG33010,"amostra #91 — região Jacarepaguá/Taquara, porte M, 7 opção(ões) / 5 viável(is)",cluster_PDG33010-PDG219-PDG29015-PDG29724-PDG29731-PDG33499-PDG33662-TQR00005,issue #91 / docs/bench/2026-09-11-generalizacao.csv,PDG33010,PDG29731;PDG33010;PDG219;PDG29015;PDG29724;PDG33499;PDG33662;TQR00005,12311381,maior trecho do tronco do CTMT principal,nominal,rebalanceado,0.8,3297,7,1,11009531,restaurar,False,11009531,PDG29015,True,0.40312529916227025,346.8438886568048,581.1,1.0198409064066283,pdg33010_mt_359549,1.0449984050254448,pdg29015_mt_50472,61.47568700532434,2971.789840731144,,vminpu=0.9
alimentador,PDG33010,"amostra #91 — região Jacarepaguá/Taquara, porte M, 7 opção(ões) / 5 viável(is)",cluster_PDG33010-PDG219-PDG29015-PDG29724-PDG29731-PDG33499-PDG33662-TQR00005,issue #91 / docs/bench/2026-09-11-generalizacao.csv,PDG33010,PDG29731;PDG33010;PDG219;PDG29015;PDG29724;PDG33499;PDG33662;TQR00005,12311381,maior trecho do tronco do CTMT principal,nominal,rebalanceado,1.0,3297,7,1,11009531,restaurar,False,11009531,PDG29015,True,0.270805297613454,423.7350415568219,581.1,1.0138616161194878,pdg33010_mt_359549,1.0449979694316944,pdg29015_mt_50472,75.10404596244432,4070.957869999345,,vminpu=0.9
alimentador,PDG33010,"amostra #91 — região Jacarepaguá/Taquara, porte M, 7 opção(ões) / 5 viável(is)",cluster_PDG33010-PDG219-PDG29015-PDG29724-PDG29731-PDG33499-PDG33662-TQR00005,issue #91 / docs/bench/2026-09-11-generalizacao.csv,PDG33010,PDG29731;PDG33010;PDG219;PDG29015;PDG29724;PDG33499;PDG33662;TQR00005,12311381,maior trecho do tronco do CTMT principal,nominal,rebalanceado,1.2,3297,7,1,11009531,restaurar,False,11009531,PDG29015,True,0.1449599780045331,496.8637567815658,581.1,1.0079414725435898,pdg33010_mt_359549,1.0449975101352689,pdg29015_mt_50472,88.0655445809673,5280.871753546667,,vminpu=0.9
alimentador,PDG33010,"amostra #91 — região Jacarepaguá/Taquara, porte M, 7 opção(ões) / 5 viável(is)",cluster_PDG33010-PDG219-PDG29015-PDG29724-PDG29731-PDG33499-PDG33662-TQR00005,issue #91 / docs/bench/2026-09-11-generalizacao.csv,PDG33010,PDG29731;PDG33010;PDG219;PDG29015;PDG29724;PDG33499;PDG33662;TQR00005,12311381,maior trecho do tronco do CTMT principal,nominal,rebalanceado,1.4,3297,7,0,sem transferência,sem_opcao_viavel,True,11009531,PDG29015,False,0.025790689372200814,566.1130304058141,581.1,1.002359702073808,pdg33010_mt_359549,1.0449970614511355,pdg29015_mt_50472,100.33944023406855,6575.069586467893,"6 trecho(s) MT acima de 100 % (Line.smt_12410229 100 %, Line.smt_12410217 100 %, Line.smt_809797246 100 %)",vminpu=0.9
